Favoriete onderdeel,Naam,AtleetID,Leeftijd,Land,Geslacht,MaxID,Specialiteit,Humeur,Ervaring,Vorm,Lengte,Gewicht,Deadline,Zorg,Kracht,Uithouding,Snelheid,Lenigheid,Springen,Werpen,SP1,SP2
Onbekend,Grímlaugsson Ingvi,5594249,17,Ísland,Man,1470,Sprinters,20,2,18,178,88,True,15,6,2,9,9,1,3,8,4
800 meter,Benton Olivia,5060605,31,United States,Vrouw,30970,Middenafstandslopers,19,12,17,182,60,True,17,1,13,19,1,1,3,11,12
1.500 meter,Fitzpatrick Victor,5157006,30,United States,Man,10940,Middenafstandslopers,19,9,17,174,68,True,11,2,14,12,0,2,2,10,12
10 km snelwandelen,Echanove Juana,5335337,23,España,Vrouw,6400,Snelwandelaars,20,4,18,171,72,True,19,3,14,3,10,2,2,7,9
Polsstokhoogspringen,Ryan Shawn,5397263,23,United States,Man,8550,Springers,20,6,19,170,72,True,16,3,3,1,10,15,2,8,11
Onbekend,Marzano Maria Caterina,5620622,17,Italia,Vrouw,4180,Middenafstandslopers,20,1,17,178,75,True,20,3,13,7,0,3,2,5,4
Onbekend,Cerrone Gennaro,5599975,17,Italia,Man,3000,Langeafstandslopers,20,2,20,187,95,True,19,3,12,4,2,3,2,7,9
1.500 meter,Xirdari Arxontoula,4993488,33,Hellas,Vrouw,36690,Middenafstandslopers,19,14,15,171,45,True,19,0,18,18,0,2,0,9,10
100 meter horden,Dolan Megan,5408379,26,Great Britain,Vrouw,6640,Sprinters,20,6,18,164,54,True,17,4,1,12,3,2,1,12,10
100 meter,Rauser Carin,5259468,29,Deutschland,Vrouw,7450,Sprinters,20,7,16,166,51,True,20,6,1,13,1,2,1,11,11
Onbekend,Munitis Tristán,5665934,17,España,Man,1160,Zonder specialiteit,13,1,14,184,83,True,20,2,6,1,8,3,2,0,0
Onbekend,Banjanin Nataša,5654192,16,Srbija,Vrouw,1390,Sprinters,18,1,15,170,62,True,20,5,0,1,9,3,2,5,6
Onbekend,Cayirli Hasim,5599249,17,Türkiye,Man,1260,Werpers,20,2,18,172,75,True,17,6,3,3,3,2,10,5,5
Onbekend,Salah Echidna,5586504,17,Miṣr,Vrouw,1230,Werpers,20,2,15,185,85,True,15,6,0,3,1,2,10,5,8
Marathon,Toomey Jeffrey,5437581,20,United States,Man,8510,Langeafstandslopers,20,4,18,188,95,True,19,2,16,7,2,3,0,8,6
Onbekend,Connor Shawn,5553312,17,Canada,Man,1480,Sprinters,20,2,15,174,86,True,7,6,3,10,2,7,3,6,8
Onbekend,O'Neill Heather,5639516,16,United States,Vrouw,1660,Springers,13,1,15,164,61,True,12,2,1,9,2,10,2,8,7
Onbekend,Quintanilla Catalina,5581563,16,España,Vrouw,2280,Sprinters,20,2,17,171,71,True,14,2,3,12,7,1,3,8,5
Onbekend,Tavolieri Antonella,5608322,17,Italia,Vrouw,4730,Sprinters,20,2,19,181,81,True,20,11,2,13,3,1,1,7,6
Onbekend,Caprazli Gurkan,5572209,17,Türkiye,Man,2490,Sprinters,20,2,18,183,85,True,10,9,2,11,2,1,1,9,7
Onbekend,Iturrioz Alexandre,5539252,17,España,Man,4120,Werpers,20,2,18,174,82,True,18,12,4,3,4,3,12,8,6
Kogelstoten,Fernandes Charline,5147156,29,France,Vrouw,9200,Werpers,19,11,16,163,52,True,11,14,2,0,0,2,11,11,11
10 km snelwandelen,Arab Cyrielle,5273814,26,France,Vrouw,7820,Snelwandelaars,16,9,16,161,54,True,13,7,14,3,8,1,2,8,12
Onbekend,Hess Silvan,5562167,17,Switzerland,Man,2620,Snelwandelaars,20,1,15,190,93,True,17,3,8,0,10,2,3,10,8
10.000 meter,Beker Maria,4895431,35,Switzerland,Vrouw,31730,Langeafstandslopers,19,19,14,167,47,True,19,0,17,7,0,0,0,13,13
Zevenkamp,Tomasi Betta,5456006,22,Italia,Vrouw,2730,Meerkampers,20,4,18,172,72,True,19,3,6,11,1,7,8,7,8
Onbekend,Gavazzeni Emilia,5629981,17,Italia,Vrouw,960,Meerkampers,20,1,17,170,67,True,18,2,1,8,3,3,7,6,5
Tienkamp,Felter Teofilo,5379428,24,Italia,Man,2530,Meerkampers,20,5,20,165,68,True,19,2,11,8,3,8,3,5,6
Onbekend,Cuaz Cristiano,5633688,17,Italia,Man,1980,Meerkampers,20,1,18,176,82,True,15,3,10,2,1,3,1,8,9
5.000 meter,Monticone Sergio,5498996,19,Italia,Man,2060,Langeafstandslopers,20,3,19,187,90,True,16,9,8,3,2,2,3,8,9
Marathon,Serbou Lelouda,5284806,25,Hellas,Vrouw,5280,Langeafstandslopers,20,6,20,171,73,True,9,7,11,12,0,4,0,9,10
3.000 meter steeplechase,Baert Yara,5505919,30,België,Vrouw,1750,Middenafstandslopers,20,4,17,177,77,True,16,2,4,10,3,1,0,8,8
Onbekend,Petsou Elvira,5553281,17,Hellas,Vrouw,2470,Snelwandelaars,20,2,17,177,79,True,14,2,12,4,8,3,2,7,8
Onbekend,Frenet Covadonga,5545814,17,España,Vrouw,1460,Meerkampers,20,3,18,171,82,True,18,5,3,7,4,5,9,6,8
200 meter,Kováčiková Ljuba,4905534,36,Česká republika,Vrouw,41340,Sprinters,20,18,15,174,62,True,19,0,0,20,0,0,3,11,13
Discuswerpen,Casale Italo,5393184,22,Italia,Man,9480,Werpers,20,6,20,187,98,True,17,14,2,1,4,3,14,7,8
Polsstokhoogspringen,Sanromán Laura,5429670,21,España,Vrouw,18800,Springers,20,5,15,178,74,True,19,2,2,3,11,18,2,8,8
Onbekend,Licci Pietro,5661787,15,Switzerland,Man,1020,Zonder specialiteit,13,1,15,161,61,True,9,5,2,10,1,3,2,0,0
Hinkstapspringen,Ungarelli Amos,5449009,20,Italia,Man,9290,Springers,20,4,17,186,77,True,20,3,1,1,13,15,2,9,5
Speerwerpen,Plein Mark,5569935,18,Lëtzebuerg,Man,3630,Werpers,20,2,20,170,72,True,19,11,3,6,1,3,11,7,8
Discuswerpen,Calancea Bianca,5348140,23,România,Vrouw,19690,Werpers,20,6,19,172,70,True,20,17,2,6,1,2,15,10,9
400 meter horden,Maza Amaia,5359911,25,España,Vrouw,5640,Sprinters,20,4,19,165,66,True,18,8,2,12,2,3,1,11,10
Vijfkamp Mannen,Sigurbergsson Marteinn,5356315,27,Ísland,Man,4050,Meerkampers,20,7,17,184,75,True,16,10,3,9,7,2,2,11,10
Hoogspringen,Masciarelli Fernanda,5254654,28,Italia,Vrouw,3410,Springers,19,5,20,169,70,True,7,1,3,0,10,11,0,8,9
110 meter horden,Żuraw Ignacy,5435557,21,Polska,Man,25720,Sprinters,20,3,15,182,72,True,20,2,0,19,13,1,6,7,6
5.000 meter,Cartagena Manex,5267110,25,España,Man,6000,Langeafstandslopers,20,4,18,178,68,True,17,3,13,10,0,3,3,11,10
200 meter,Kreuzer Katharina,5159361,31,Österreich,Vrouw,9150,Sprinters,20,8,17,169,63,True,14,7,0,15,0,0,1,11,11
Polsstokhoogspringen,Lokvenc Amadeus,5403718,25,Österreich,Man,3360,Springers,20,4,19,161,66,True,19,8,3,3,10,11,1,7,6
Onbekend,Mistral Joana,5610151,16,España,Vrouw,740,Snelwandelaars,20,1,16,167,65,True,6,3,8,3,7,3,3,6,8
Onbekend,Lerma Ixeya,5636578,15,España,Vrouw,870,Springers,19,1,17,155,54,True,17,1,2,2,3,7,3,7,5
Onbekend,Ojeda Amaia,5661868,17,España,Vrouw,2220,Langeafstandslopers,11,1,16,172,66,True,19,10,10,2,3,3,3,4,5
Onbekend,Aramburu Pedro,5636576,17,España,Man,1430,Middenafstandslopers,17,1,16,186,85,True,11,1,6,10,1,1,2,9,6
Onbekend,Muelas Trinidad,5639758,16,España,Vrouw,860,Sprinters,15,1,14,163,65,True,17,8,0,5,3,1,2,5,7
Onbekend,Acebo José Juan,5653210,15,España,Man,490,Sprinters,12,1,17,159,61,True,14,6,1,5,2,6,2,5,6
Onbekend,Hayes Chelsea,5579848,18,New Zealand,Vrouw,2870,Werpers,20,3,16,171,72,True,15,10,0,1,3,3,10,9,9
Onbekend,Chiarandini Cristiana,5539388,17,Italia,Vrouw,4140,Snelwandelaars,20,2,15,165,77,True,19,3,13,4,8,1,2,7,8
Onbekend,Claessens Lieke,5659315,17,Nederland,Vrouw,1140,Zonder specialiteit,12,1,14,169,67,True,18,2,2,3,9,1,2,0,0
Onbekend,Mecenero Alina,5545887,17,Italia,Vrouw,2420,Werpers,20,1,15,178,84,True,19,10,1,1,4,2,9,8,8
Onbekend,Riga Arrigo,5654314,15,Italia,Man,910,Sprinters,18,1,15,179,81,True,16,6,1,7,1,8,2,7,6
Onbekend,Trotta Alfio,5582794,16,Italia,Man,3150,Snelwandelaars,20,1,15,182,87,True,12,1,13,1,3,0,3,7,8
Onbekend,Musolino Ermanno,5627229,16,Italia,Man,1620,Sprinters,20,1,17,171,78,True,17,5,0,4,10,2,1,5,8
Onbekend,Pommier Armelle,5574724,17,France,Vrouw,1980,Werpers,20,2,17,183,88,True,13,11,2,2,2,3,4,9,5
Onbekend,Häussler Louis,5524274,19,Deutschland,Man,2920,Sprinters,20,1,17,176,81,True,20,5,2,12,1,3,5,6,5
Onbekend,Verni Wilma,5617284,17,Italia,Vrouw,1940,Meerkampers,20,1,17,187,85,True,14,3,2,11,7,3,7,7,7
Onbekend,Moreira Milton,5648768,20,Ecuador,Man,1250,Middenafstandslopers,15,1,15,186,91,True,14,2,10,9,3,2,0,6,1
Onbekend,Bukvajová Dobroslava,5625267,17,Slovensko,Vrouw,1690,Sprinters,20,1,15,172,68,True,19,5,1,10,3,3,2,5,7
Onbekend,Bikse Marta,5551345,17,Latvija,Vrouw,1490,Middenafstandslopers,20,2,15,172,79,True,13,2,8,10,3,2,2,8,6
Onbekend,Doherty Rachel,5536475,17,Ireland,Vrouw,2340,Sprinters,20,3,19,171,83,True,15,2,2,9,8,2,4,10,9
Onbekend,Devaney Bedelia,5548732,17,Ireland,Vrouw,7560,Snelwandelaars,20,2,15,180,76,True,19,2,14,3,2,1,3,10,11
Onbekend,Sepulcre Concepción,5661828,14,España,Vrouw,1380,Middenafstandslopers,13,1,15,159,55,True,16,10,8,3,3,3,2,5,6
Onbekend,Keogh Eric,5548733,17,Ireland,Man,1350,Sprinters,20,2,16,167,80,True,9,4,2,8,11,2,6,5,6
Marathon,Espinosa Guayre,5047714,34,España,Man,7720,Langeafstandslopers,20,11,15,165,59,True,12,0,14,5,1,0,0,12,10
Onbekend,Baroncini Gianna,5530156,18,Italia,Vrouw,5570,Middenafstandslopers,20,3,17,182,83,True,20,3,13,11,1,2,2,9,9
Onbekend,Quigley Clara,5536483,17,Ireland,Vrouw,5890,Springers,20,3,15,169,78,True,17,2,3,2,5,14,1,8,8
Onbekend,Banova Vito,5603590,17,Italia,Man,4330,Langeafstandslopers,20,1,17,165,71,True,16,3,14,4,3,2,2,8,6
Onbekend,Meijer Ad,5617152,17,Nederland,Man,1660,Werpers,20,1,15,176,81,True,19,7,2,9,2,0,8,7,6
Vijfkamp Vrouwen,Oger Francine,5279026,26,France,Vrouw,2150,Meerkampers,20,7,18,177,73,True,18,6,1,10,10,6,3,5,7
Onbekend,Dauphin Adrienne,5573982,17,France,Vrouw,2590,Sprinters,20,1,15,183,89,True,17,9,2,12,0,2,2,6,7
Onbekend,Calvo Mauricio,5604434,17,España,Man,2190,Springers,20,1,14,188,92,True,18,6,2,1,3,11,1,6,7
Onbekend,Domingo Xerach,5658234,17,España,Man,1790,Springers,13,1,15,167,66,True,20,6,0,2,1,10,2,6,5
Onbekend,Voloshyna Sophia,5595964,17,Ukrajina,Vrouw,2440,Sprinters,20,1,18,162,62,True,20,11,1,8,0,3,4,5,7
Onbekend,Navalón Elsa,5658235,17,España,Vrouw,720,Werpers,13,1,14,175,69,True,10,8,2,1,3,2,9,6,4
Onbekend,Reyes Antonia,5539967,17,España,Vrouw,1490,Werpers,20,2,16,185,93,True,18,5,6,3,1,2,10,7,8
Onbekend,Krpan Alka,5596027,18,Hrvatska,Vrouw,1850,Meerkampers,18,1,19,174,71,True,19,10,3,4,7,4,3,5,6
Onbekend,de Frutos Teófilo,5654395,16,España,Man,1230,Werpers,16,1,14,172,73,True,13,2,1,2,9,3,9,7,5
Onbekend,Carrillo Yolanda,5651780,14,España,Vrouw,510,Langeafstandslopers,17,1,15,174,72,True,10,6,6,2,2,1,3,8,6
Polsstokhoogspringen,Caride Joseba,5375598,22,España,Man,20430,Springers,20,7,17,183,71,True,16,1,2,2,17,16,1,10,10
400 meter,Giannousopoulou Themis,5169089,28,Hellas,Vrouw,5040,Sprinters,20,7,18,176,76,True,11,8,2,14,0,1,0,8,8
110 meter horden,Xatziefthimiou Stauros,5066415,32,Hellas,Man,18850,Sprinters,20,10,17,170,74,True,17,0,0,18,0,0,2,7,6
Onbekend,Mirgioti Mina,5408647,21,Hellas,Vrouw,2380,Sprinters,20,4,20,178,83,True,20,6,8,10,7,2,1,5,5
3.000 meter steeplechase,Ntoutsikou Evita,5225940,27,Hellas,Vrouw,5490,Middenafstandslopers,20,7,19,180,68,True,16,4,14,7,4,2,2,8,10
Onbekend,Makrogiannidis Themistoklis,5382427,23,Hellas,Man,3170,Snelwandelaars,20,5,20,176,76,True,20,1,11,2,3,7,5,4,9
Onbekend,Karliafti Thaleia,5650891,16,Hellas,Vrouw,1700,Werpers,20,1,18,160,57,True,12,10,0,3,2,2,10,5,8
1.500 meter,Noronha Orlando,5038870,34,Portugal,Man,5740,Middenafstandslopers,19,11,14,165,56,True,10,1,11,8,0,1,0,12,9
Zevenkamp,Saudade Fortunata,4898759,35,Portugal,Vrouw,10030,Meerkampers,20,13,14,169,64,True,15,6,0,14,12,0,0,10,6
3.000 meter steeplechase,McNeill Ciaran,4981621,36,Great Britain,Man,6530,Middenafstandslopers,20,14,15,181,59,True,15,0,10,8,1,0,0,11,9
Hinkstapspringen,Boston Juan,5008477,33,United States,Man,14800,Springers,20,14,16,177,75,True,19,1,0,1,13,15,0,11,8
Onbekend,Corte-Real Augusta,5662566,16,Portugal,Vrouw,540,Werpers,12,1,15,173,65,True,12,6,1,3,3,4,8,3,7
Hinkstapspringen,Crespo Palmira,5202389,30,Portugal,Vrouw,16670,Springers,20,9,14,160,46,True,20,2,0,5,9,17,1,9,12
Onbekend,Tzoka Errieta,5653260,17,Hellas,Vrouw,2580,Sprinters,19,1,17,165,65,True,19,3,1,10,3,8,3,9,7
3.000 meter steeplechase,León Mauro,5417633,24,España,Man,6070,Middenafstandslopers,20,6,14,167,71,True,20,3,7,13,3,2,1,11,7
800 meter,Moragrega Cristian,5339970,24,España,Man,3060,Middenafstandslopers,20,5,15,192,101,True,15,5,10,10,1,3,3,8,11
10 km snelwandelen,Albacar José Ángel,5348459,24,España,Man,5070,Snelwandelaars,20,6,14,183,88,True,15,3,11,8,8,3,2,11,11
200 meter,Saldaña Izaskun,5417629,24,España,Vrouw,5030,Sprinters,20,5,14,164,51,True,19,6,3,13,3,2,2,8,9
800 meter,Ahedo Ágata,5417635,24,España,Vrouw,7640,Middenafstandslopers,20,5,15,165,52,True,20,2,11,12,3,1,1,11,11
Marathon,De Ghey Mindy,5451911,25,België,Vrouw,5980,Langeafstandslopers,20,5,14,174,70,True,15,3,12,9,7,1,2,11,11
5.000 meter,Sacristán Mònica,5417643,24,España,Vrouw,4910,Langeafstandslopers,20,6,15,177,71,True,16,3,9,7,3,1,3,12,11
20 km snelwandelen,Notivol Ariadna,5424535,24,España,Vrouw,2320,Snelwandelaars,20,4,15,177,65,True,17,8,5,1,5,1,1,9,10
Kogelslingeren,Baransi Yael,5359501,24,Yisra'el,Vrouw,5600,Werpers,20,7,14,168,60,True,17,11,0,2,3,2,13,8,8
Polsstokhoogspringen,Beguin Noé,5148250,29,Switzerland,Man,15330,Springers,20,12,17,187,73,True,15,1,2,2,11,17,7,9,11
Onbekend,Barreiros Bruno,5664780,17,Portugal,Man,280,Meerkampers,10,1,15,165,66,True,10,3,1,2,8,2,2,4,4
Zevenkamp,Cabrera Josefina,5158033,29,Colombia,Vrouw,22610,Meerkampers,20,12,17,177,60,True,17,2,5,17,0,6,0,15,9
Marathon,Hunter Euan,5566870,27,Great Britain,Man,2280,Langeafstandslopers,20,2,16,172,77,True,16,2,10,4,2,1,1,10,5
Onbekend,Viegas César,5606617,17,Portugal,Man,570,Middenafstandslopers,19,1,16,182,90,True,8,3,6,1,3,2,3,7,8
Onbekend,Luís Adriana,5656151,17,Portugal,Vrouw,1010,Springers,17,1,13,167,59,True,18,2,3,1,8,3,1,8,4
Onbekend,Santos Ricardo,5582241,16,Portugal,Man,790,Springers,19,1,12,174,79,True,7,3,1,5,3,9,0,7,7
Onbekend,Sampaio Iris,5556378,19,Portugal,Vrouw,250,Middenafstandslopers,16,1,12,174,71,True,6,3,3,6,1,2,2,7,6
Onbekend,Vicente Liberto,5578895,18,Portugal,Man,1550,Springers,20,2,13,169,78,True,7,2,3,3,9,6,3,6,10
Hoogspringen,Vasques Olinda,5513165,18,Portugal,Vrouw,830,Springers,20,3,13,168,75,True,6,2,0,3,6,7,1,7,9
Onbekend,Rios Emílio,5603625,17,Portugal,Man,700,Langeafstandslopers,19,1,15,174,76,True,15,2,9,1,3,2,3,5,4
Onbekend,Moretto Leonardo,5079779,31,Brasil,Man,3090,Sprinters,17,6,13,189,109,True,11,2,0,12,0,1,0,10,8
Onbekend,Eseberri Sofía,5139071,29,España,Vrouw,5600,Sprinters,20,8,15,158,46,True,16,6,1,13,3,0,0,10,11
Onbekend,Banja Silvana,5550079,18,Italia,Vrouw,1050,Sprinters,20,1,14,179,84,True,19,4,5,6,5,2,1,8,4
1.500 meter,Casaccio Valentino,5085972,32,Italia,Man,5370,Middenafstandslopers,18,8,17,186,79,True,7,0,13,5,0,0,0,12,7
800 meter,Tribuzi Svetlana,5082939,31,Italia,Vrouw,5350,Middenafstandslopers,20,7,11,180,65,True,16,2,13,3,1,2,1,10,10
Marathon,Xaskonis Klearxos,4999510,33,Hellas,Man,6010,Langeafstandslopers,18,10,14,186,83,True,17,7,13,1,0,0,0,10,10
10.000 meter,Grossman Bertolda,5039450,32,Deutschland,Vrouw,13600,Langeafstandslopers,18,9,17,160,51,True,17,3,16,0,1,0,7,10,11
10 km snelwandelen,Frommknecht Tayler,5015809,32,Deutschland,Man,8450,Snelwandelaars,20,9,16,180,77,True,16,0,15,0,3,0,6,10,9
10 km snelwandelen,Uranga Haizea,4928104,34,España,Vrouw,7160,Snelwandelaars,20,10,16,179,76,True,16,0,14,0,1,0,4,10,10
Polsstokhoogspringen,Provenzi Peppino,5095181,32,Italia,Man,5960,Springers,20,6,16,182,64,True,20,1,1,2,12,3,2,11,11
Polsstokhoogspringen,Geipel Annika,5006890,32,Deutschland,Vrouw,4250,Springers,19,10,16,181,75,True,14,1,3,3,8,8,1,10,11
Onbekend,Marchetti Ambrogio,4928506,34,Italia,Man,3030,Werpers,16,8,15,187,77,True,15,11,0,0,0,0,4,8,11
Onbekend,Blondeel Stien,4976346,34,België,Vrouw,7600,Werpers,20,10,14,161,46,True,16,7,0,5,0,0,13,11,11
Vijfkamp Mannen,Sastre Ubay,5259267,26,España,Man,3010,Meerkampers,19,6,15,187,82,True,16,11,5,6,1,2,3,10,9
Vijfkamp Vrouwen,Malachias Deise,5281705,26,Brasil,Vrouw,3050,Meerkampers,20,5,17,170,66,True,6,3,10,7,5,2,10,11,7
10.000 meter,Bellachioma Christian,5501113,20,Italia,Man,9310,Langeafstandslopers,20,3,18,173,77,True,15,2,16,7,3,1,2,5,10
Onbekend,Gimeno Eustaquio,5455245,22,España,Man,6950,Sprinters,20,3,19,188,91,True,15,3,7,15,0,0,6,9,5
Speerwerpen,Notivol Mar,5155017,30,España,Vrouw,5530,Werpers,20,9,16,183,82,True,14,10,4,0,1,0,11,12,9
Hinkstapspringen,Loh Isabelle,5571822,18,Singapore,Vrouw,1730,Springers,20,3,18,179,81,True,13,2,3,5,6,11,0,5,7
Onbekend,Duarte Randall,5569744,17,Costa Rica,Man,5630,Snelwandelaars,20,3,17,186,91,True,19,3,14,3,10,3,2,7,5
Onbekend,Ausekle Inta,5613810,18,Latvija,Vrouw,1680,Meerkampers,20,2,17,174,73,True,14,2,3,10,4,2,9,8,6
Onbekend,van den Velde Rita,5603466,17,Nederland,Vrouw,1990,Middenafstandslopers,20,1,14,176,77,True,12,2,11,8,4,2,1,9,8
Onbekend,van der Wijden Jens,5539509,17,Nederland,Man,9830,Meerkampers,20,3,14,183,84,True,19,13,1,15,4,3,0,7,8
Onbekend,Coolen Ada,5599850,17,Nederland,Vrouw,1500,Meerkampers,20,1,15,177,79,True,13,6,4,10,9,2,3,7,6
Onbekend,Matoso Abílio,5664873,17,Portugal,Man,1950,Werpers,17,1,15,179,78,True,18,6,4,3,3,0,10,8,8
Onbekend,Canário Diogo,5664879,17,Portugal,Man,1240,Middenafstandslopers,11,1,14,169,69,True,18,2,9,5,0,4,2,4,8
Onbekend,Ercegovac Boris,5535693,19,Hrvatska,Man,3260,Snelwandelaars,20,2,20,165,72,True,20,1,12,3,5,3,3,6,5
Onbekend,Fiorillo Enea,5620629,17,Italia,Man,2420,Werpers,19,1,16,179,78,True,20,10,2,1,1,1,6,9,6
Onbekend,van der Lee Harrie,5537875,19,Nederland,Man,3400,Werpers,20,2,16,190,91,True,20,5,2,1,2,2,12,5,9
Onbekend,Passerini Greta,5639548,17,Italia,Vrouw,1310,Werpers,20,1,17,168,66,True,12,10,2,1,8,1,1,5,7
400 meter,Sobczak Katarzyna,5034722,33,Polska,Vrouw,17480,Sprinters,13,14,16,170,65,True,12,15,1,16,0,0,0,9,8
800 meter,Bieniuk Sandra,4848767,37,Polska,Vrouw,24620,Middenafstandslopers,15,17,14,184,68,True,18,0,14,17,0,0,0,10,6
Onbekend,van der Jagt Willem-Jan,5613845,17,Nederland,Man,1340,Middenafstandslopers,16,1,16,169,78,True,9,1,9,10,3,2,1,5,8
Onbekend,Llorens Débora,5662298,17,España,Vrouw,730,Meerkampers,13,1,15,165,60,True,13,6,4,3,0,5,3,8,7
Onbekend,Pediconi Armando,5665373,14,Italia,Man,2330,Zonder specialiteit,16,1,15,176,78,True,20,2,4,4,1,9,11,0,0
Onbekend,Drzewiecki Eryk,5657346,14,Polska,Man,1410,Middenafstandslopers,17,1,16,171,73,True,20,1,8,3,3,1,1,7,6
10.000 meter,Coromina Virtudes,4881917,36,España,Vrouw,15010,Langeafstandslopers,18,15,17,161,59,True,16,0,15,15,0,0,0,8,7
Onbekend,Galé Cristian,5637251,17,España,Man,1220,Sprinters,19,1,16,177,81,True,19,3,1,8,1,1,3,7,5
10.000 meter,Cseri Regina,5287561,25,Magyarország,Vrouw,16770,Langeafstandslopers,20,8,19,169,64,True,19,1,17,12,3,3,8,8,10
Onbekend,Iliadou Paraskeui,5547509,23,Cyprus,Vrouw,3010,Langeafstandslopers,20,3,20,167,73,True,15,1,12,9,3,1,2,5,5
Onbekend,Főnök Kinga,5659490,17,Magyarország,Vrouw,1410,Sprinters,13,1,16,171,66,True,8,9,3,10,0,5,2,5,5
10.000 meter,Farble Nándor,5274199,27,Magyarország,Man,30280,Langeafstandslopers,20,10,19,183,85,True,19,3,19,15,2,3,3,11,11
20 km snelwandelen,Rab Dömötör,5255560,26,Magyarország,Man,30310,Snelwandelaars,20,9,18,166,54,True,19,3,19,3,6,3,2,13,13
Onbekend,Miklavčič Jožica,5549580,18,Slovenija,Vrouw,5240,Springers,20,2,18,178,77,True,19,2,3,2,4,14,3,8,5
Onbekend,Csiszár Gábor,5543432,18,Magyarország,Man,2490,Springers,20,2,18,184,93,True,7,3,1,4,10,10,1,9,8
Hoogspringen,Sipos Ágoston,5222616,27,Magyarország,Man,20700,Springers,20,9,17,187,83,True,18,1,3,3,14,18,3,10,10
Kogelstoten,Varjú Gusztáv,5173053,28,Magyarország,Man,25650,Werpers,20,10,18,188,85,True,18,18,0,2,2,2,15,10,10
Speerwerpen,Mihailova Stanislava,5237894,26,Bulgaria,Vrouw,10030,Werpers,20,9,19,182,79,True,15,14,3,3,9,3,14,10,7
Kogelslingeren,Dezső Donát,5301874,25,Magyarország,Man,17300,Werpers,20,7,19,171,73,True,17,16,3,1,9,1,15,8,11
Speerwerpen,Rovanperä Christian,5203144,27,Suomi,Man,26020,Werpers,20,9,17,189,86,True,17,17,1,2,2,1,16,11,11
Onbekend,Zappellon Vladimiro,5662186,17,Italia,Man,1160,Werpers,17,1,13,161,63,True,20,6,3,2,1,2,6,3,5
Onbekend,La Rosa Consuelo,5582900,17,Italia,Vrouw,1070,Langeafstandslopers,20,1,14,184,85,True,14,2,10,3,2,1,0,8,6
Onbekend,Dreier Sebastian,5575691,17,Deutschland,Man,690,Zonder specialiteit,20,2,14,175,79,True,6,6,2,3,3,3,10,0,0
Onbekend,Weißhapt Lydia,5664142,17,Deutschland,Vrouw,1710,Springers,15,1,16,149,46,True,19,2,6,0,7,9,3,5,8
Onbekend,Honold André,5531144,18,Deutschland,Man,920,Zonder specialiteit,20,3,12,189,96,True,12,2,10,6,3,2,5,0,0
10 km snelwandelen,Cibolini Alice,5592659,27,Italia,Vrouw,1530,Snelwandelaars,20,2,15,179,77,True,8,3,10,3,5,1,2,9,2
20 km snelwandelen,Bursi Vittoria,5592660,20,Italia,Vrouw,1260,Snelwandelaars,18,2,16,167,64,True,9,3,8,3,7,1,1,6,9
10.000 meter,Sciberras Kirsten,4960984,34,Malta,Vrouw,26230,Langeafstandslopers,20,15,17,184,69,True,20,0,18,13,0,0,0,13,10
400 meter,Söderholm Lisa,5410195,22,Sverige,Vrouw,3980,Sprinters,20,3,18,171,66,True,15,6,4,12,4,2,0,10,10
200 meter,Hákonarson Eric,5405591,23,Ísland,Man,4260,Sprinters,20,4,18,182,79,True,15,7,1,12,4,2,3,11,10
Vijfkamp Vrouwen,Aloisi Erica,5592680,23,Italia,Vrouw,2610,Meerkampers,16,2,15,170,66,True,6,6,1,2,3,2,8,10,11
10 km snelwandelen,Liska Isidora,5257610,27,Bosna i Hercegovina,Vrouw,7380,Snelwandelaars,20,7,17,168,65,True,16,1,13,5,11,0,2,11,11
Hinkstapspringen,Cornacchia Betta,5139463,30,Italia,Vrouw,5060,Springers,20,8,20,178,65,True,11,3,0,4,9,12,3,10,11
Speerwerpen,Perrino Valentino,5199784,29,Italia,Man,7300,Werpers,20,7,19,185,82,True,20,12,3,2,2,3,12,11,10
Onbekend,Basani Daniele,5585043,17,Italia,Man,1500,Werpers,20,2,14,192,101,True,20,7,3,1,1,2,9,6,6
Discuswerpen,Centofanti Giannina,5144132,29,Italia,Vrouw,5260,Werpers,20,8,19,185,79,True,12,12,0,0,3,3,11,10,10
10 km snelwandelen,Gondolo Sandro,5204810,29,Italia,Man,20150,Snelwandelaars,20,10,18,193,81,True,20,3,17,1,14,2,1,13,10
Onbekend,Del Sordo Igor,5551719,17,Italia,Man,6580,Snelwandelaars,20,2,15,191,99,True,9,0,15,1,5,2,3,8,6
Onbekend,Macchietta Luciana,5664457,17,Italia,Vrouw,550,Zonder specialiteit,20,1,15,160,57,True,16,4,2,8,4,1,2,0,0
Onbekend,Stoobants Ben,5451407,20,België,Man,3880,Middenafstandslopers,20,2,17,169,73,True,18,1,12,11,2,1,2,7,7
Onbekend,den Hollander Jurre,5484673,19,Nederland,Man,6520,Sprinters,20,3,15,186,88,True,12,3,4,15,7,3,2,9,7
Onbekend,Kosemets Kirsi,5605412,18,Eesti,Vrouw,3290,Sprinters,20,2,16,176,75,True,16,6,1,11,2,3,3,10,9
10 km snelwandelen,Kolivas Apostolos,5281592,28,Hellas,Man,5260,Snelwandelaars,18,7,15,184,79,True,11,2,13,1,5,2,2,10,11
Speerwerpen,Barry Victoire,4930729,34,France,Vrouw,41420,Werpers,20,14,18,168,58,True,18,19,0,2,0,0,18,8,9
Onbekend,Otaegi Félix,5659740,17,España,Man,1220,Langeafstandslopers,17,1,16,167,70,True,11,3,10,8,3,8,1,5,3
20 km snelwandelen,Charron Karine,5082704,32,France,Vrouw,4670,Snelwandelaars,20,12,17,177,70,True,15,0,12,2,5,1,0,9,6
Hoogspringen,Airolo Haizea,5517856,18,España,Vrouw,2250,Springers,20,3,20,161,63,True,16,3,2,3,11,7,2,8,8
Onbekend,Kolk Jack,5664886,14,Nederland,Man,290,Werpers,12,1,15,158,57,True,14,7,2,1,3,2,3,4,4
Onbekend,Ebau Abele,5627989,15,Italia,Man,430,Springers,20,1,15,161,67,True,8,1,0,1,3,8,1,5,7
Onbekend,Piña Aroa,5662363,17,España,Vrouw,1870,Meerkampers,17,1,15,166,64,True,19,2,3,10,2,3,3,9,8
Onbekend,Vilches Xiana,5659462,16,España,Vrouw,800,Meerkampers,11,1,16,165,61,True,16,2,8,7,4,4,2,7,5
3.000 meter steeplechase,Griffin Juan,5271587,31,United States,Man,7650,Middenafstandslopers,20,7,17,187,77,True,17,1,11,8,2,1,0,13,12
Onbekend,Sinisi Leopoldo,5578304,17,Italia,Man,2960,Sprinters,20,1,16,181,94,True,17,6,1,13,1,2,2,5,5
Onbekend,Austoni Mattia,5664898,16,Italia,Man,1030,Springers,14,1,16,179,74,True,15,2,1,1,3,9,2,6,8
Onbekend,Masi Angelica,5562736,17,Italia,Vrouw,1140,Werpers,20,2,16,181,85,True,11,7,2,3,1,1,10,6,7
Onbekend,Morselli Gastone,5536678,17,Italia,Man,1760,Meerkampers,20,2,16,185,90,True,15,10,9,6,1,2,5,7,8
Hoogspringen,Ronac Helen,5127660,34,Perú,Vrouw,18840,Springers,19,16,14,170,65,True,20,0,0,0,9,17,0,10,8
Hinkstapspringen,Palomino Patricia,5127661,31,Perú,Vrouw,27390,Springers,20,15,16,171,57,True,17,0,0,2,7,19,0,8,11
Hoogspringen,Zea Eder,5127658,31,Perú,Man,22070,Springers,20,16,15,186,74,True,18,1,1,2,8,17,1,9,12
20 km snelwandelen,Taype Juan,5127647,33,Perú,Man,20990,Snelwandelaars,19,16,14,172,56,True,13,0,17,4,0,0,0,10,12
10 km snelwandelen,González Abel,5127648,30,Perú,Man,31020,Snelwandelaars,20,16,17,189,70,True,20,1,19,2,6,0,0,12,12
Onbekend,Flores Diana,5571281,17,Perú,Vrouw,1970,Langeafstandslopers,18,2,15,173,79,True,6,2,12,3,4,2,0,6,7
5.000 meter,Tapa Regina,5127642,31,Perú,Vrouw,30120,Langeafstandslopers,19,17,16,165,56,True,16,0,19,8,2,0,0,9,11
Marathon,Cárdenas Lidia,5362923,24,Perú,Vrouw,21580,Langeafstandslopers,20,7,17,169,72,True,13,1,19,4,2,3,0,6,8
10.000 meter,Borja Fernanda,5127641,32,Perú,Vrouw,24220,Langeafstandslopers,18,15,17,164,44,True,15,1,18,8,1,0,1,11,7
Marathon,Valdivia Christopher,5238347,27,Perú,Man,31610,Langeafstandslopers,20,10,16,176,72,True,17,2,20,4,2,2,3,11,11
5.000 meter,Reategui Eduardo,5144725,32,Perú,Man,16270,Langeafstandslopers,17,14,16,172,69,True,6,1,17,3,0,0,1,10,7
1.500 meter,Tapia Humberto,5127636,30,Perú,Man,33960,Middenafstandslopers,20,15,16,190,83,True,19,1,20,13,2,0,1,10,8
400 meter horden,de Menezes Manuela,5086180,32,Brasil,Vrouw,16050,Sprinters,20,12,18,169,55,True,14,0,0,17,10,2,0,11,9
110 meter horden,Vang Ethan,5044925,31,United States,Man,19260,Sprinters,20,12,16,193,85,True,15,4,1,18,3,1,0,11,10
400 meter horden,Cáceres Laura,5317167,24,Perú,Vrouw,15300,Sprinters,20,7,14,182,79,True,10,1,0,18,5,3,3,9,9
400 meter,Portillo Tony,5127616,29,Perú,Man,30100,Sprinters,20,16,18,195,80,True,16,9,3,19,3,3,1,10,12
400 meter horden,Taype Eduardo,5158677,31,Perú,Man,11590,Sprinters,19,14,16,184,69,True,12,1,2,15,6,2,5,10,10
Tienkamp,Flemac Luigi,4965144,34,Italia,Man,13350,Meerkampers,18,12,20,179,67,True,19,12,0,16,10,0,0,8,9
Onbekend,Marino Marcelo,5601315,17,Argentina,Man,2260,Snelwandelaars,19,2,15,188,88,True,15,1,12,1,1,2,2,6,7
Onbekend,Arguedas Fabián,5606192,15,España,Man,1390,Springers,20,2,18,189,93,True,20,4,2,2,3,8,1,7,5
Onbekend,Keppenne Colin,5571247,17,België,Man,3470,Snelwandelaars,20,1,16,191,97,True,19,0,10,2,7,3,1,9,11
Kogelstoten,Secretário Florbela,5442990,27,Portugal,Vrouw,7030,Werpers,20,6,14,184,68,True,20,12,0,1,3,1,12,5,12
Verspringen,Boutin Alexandre,5179739,29,France,Man,17830,Springers,20,8,16,177,71,True,19,2,1,5,14,16,3,11,9
Onbekend,Gheysen Lies,5592102,17,België,Vrouw,2550,Meerkampers,20,1,16,168,70,True,6,5,2,12,2,3,5,7,6
1.500 meter,Spadaro Gianni,5141788,29,Italia,Man,5080,Middenafstandslopers,19,8,18,188,92,True,9,1,4,11,8,3,0,12,9
3.000 meter steeplechase,Gafà Loretta,5315236,27,Italia,Vrouw,6550,Middenafstandslopers,20,6,19,155,33,True,16,0,9,12,1,1,1,13,7
200 meter,Bernard Stéphane,5075950,32,France,Man,13560,Sprinters,20,10,17,185,81,True,17,17,0,10,5,0,2,11,7
400 meter horden,Pinson Faustin,5140269,32,France,Man,17210,Sprinters,20,10,16,162,53,True,20,9,0,16,13,0,1,11,12
110 meter horden,Raoul Djibril,5137153,30,France,Man,4820,Sprinters,20,8,16,177,79,True,7,7,0,10,10,2,0,10,12
400 meter,Romano Robin,5049927,32,France,Man,6850,Sprinters,19,10,16,190,64,True,16,9,0,13,6,0,8,10,10
100 meter,Attal Florian,5022974,32,France,Man,6970,Sprinters,20,11,16,178,69,True,17,12,1,12,7,2,1,6,11
400 meter,Sanna Valeria,5002771,32,Italia,Vrouw,11920,Sprinters,20,10,17,176,71,True,16,13,2,15,3,0,2,11,8
100 meter horden,Prevot Rénelle,5147598,32,France,Vrouw,18990,Sprinters,20,8,17,160,46,True,20,8,1,18,6,0,0,6,10
200 meter,Tavernier Adrienne,5144038,31,France,Vrouw,7920,Sprinters,20,9,17,164,55,True,20,8,0,14,7,0,2,11,9
Hinkstapspringen,Buffet Mathéo,5140355,31,France,Man,5010,Springers,18,9,15,178,80,True,10,4,0,6,7,12,0,10,10
Verspringen,Thiery Flora,5046321,32,France,Vrouw,4960,Springers,20,9,17,174,73,True,13,0,1,9,8,13,0,10,9
Onbekend,Zafra Remei,5662851,16,España,Vrouw,1940,Meerkampers,18,1,15,162,60,True,16,1,2,11,1,2,9,5,7
400 meter,Cavazos Roser,4938208,36,España,Vrouw,4680,Sprinters,13,14,14,168,56,True,16,9,0,10,0,0,0,8,9
Onbekend,Ang Samuel,5592040,17,Singapore,Man,2600,Sprinters,15,2,18,185,87,True,13,3,2,12,2,2,1,6,7
Onbekend,Castillo Hector,5590995,17,Colombia,Man,2880,Springers,20,2,17,178,82,True,16,0,3,2,3,12,2,6,8
400 meter,Bachelot Brice,5460042,21,France,Man,1430,Sprinters,20,4,14,168,71,True,6,2,4,11,4,1,2,7,5
800 meter,Imbert Dimitri,5465590,20,France,Man,1400,Middenafstandslopers,20,4,16,178,91,True,11,2,2,10,8,1,1,6,6
Kogelstoten,De almeida Claude,5476112,20,France,Man,1480,Werpers,20,3,16,188,93,True,15,8,2,3,1,3,9,6,9
Onbekend,Gibert Gwen,5463202,20,France,Vrouw,1630,Werpers,20,4,15,174,75,True,12,11,7,2,4,1,2,8,6
Discuswerpen,Wrońska Aleksandra,4799502,38,Polska,Vrouw,26820,Werpers,18,19,14,181,72,True,20,15,0,0,0,0,14,10,11
Onbekend,Elle Gwénael,5595470,19,France,Man,1480,Meerkampers,20,2,16,179,77,True,10,1,3,6,3,7,8,8,9
Onbekend,Martel Raymond,5555015,19,France,Man,1430,Meerkampers,19,2,17,188,90,True,9,2,2,10,2,0,5,9,6
Onbekend,Trouve Béatrice,5537989,18,France,Vrouw,2560,Meerkampers,20,2,16,183,85,True,6,11,8,2,8,2,2,8,9
400 meter,Tabárez Victor,5258316,28,Uruguay,Man,5090,Sprinters,20,8,16,178,71,True,18,9,3,14,2,2,1,7,8
Onbekend,de la Riva Emilio,5514364,19,España,Man,6200,Middenafstandslopers,20,2,16,183,88,True,17,1,15,3,1,0,3,7,7
800 meter,Calanda Nora,5490038,21,España,Vrouw,6300,Middenafstandslopers,20,3,17,174,69,True,14,4,14,9,2,1,3,10,9
Onbekend,Luengo Agapito,5598832,17,España,Man,1720,Langeafstandslopers,20,1,15,179,85,True,18,3,8,8,2,2,1,9,8
400 meter,Borjas Flor,4931531,35,Uruguay,Vrouw,20460,Sprinters,19,17,13,184,65,True,15,10,0,17,0,0,0,10,9
Onbekend,Albelda Virtudes,5537946,17,España,Vrouw,1070,Langeafstandslopers,20,2,15,176,86,True,13,0,8,9,3,6,3,7,7
400 meter horden,da Silva Marquilla,5125970,29,Uruguay,Vrouw,5510,Sprinters,18,11,17,167,65,True,11,7,5,10,7,2,0,11,12
Onbekend,Amaré Enriqueta,5581149,19,España,Vrouw,5520,Snelwandelaars,20,2,16,185,76,True,20,1,12,3,10,1,0,9,10
Onbekend,Raoul Théa,5427438,21,France,Vrouw,4450,Sprinters,20,5,15,177,80,True,17,12,5,10,3,1,1,8,10
Onbekend,Sevilla Emiliano,5626510,17,España,Man,1400,Werpers,20,1,16,175,80,True,17,9,2,2,2,2,7,4,8
Onbekend,Margot Mathéo,5549999,18,France,Man,3020,Springers,20,2,16,183,93,True,20,3,0,10,10,9,3,7,6
Onbekend,Perron Suzette,5614611,18,France,Vrouw,1530,Middenafstandslopers,20,2,17,165,61,True,13,2,7,10,3,2,1,8,6
Onbekend,Hamon Samy,5634541,16,France,Man,1150,Werpers,20,1,18,163,68,True,14,6,3,3,2,1,9,8,7
Onbekend,Llorente Nicanor,5550166,19,España,Man,2340,Meerkampers,20,2,17,161,61,True,19,7,3,11,4,1,2,8,4
Vijfkamp Vrouwen,Ferreira Huguette,4967538,33,France,Vrouw,6940,Meerkampers,20,12,17,180,75,True,20,9,2,1,4,6,6,12,11
Kogelstoten,Mazet Steven,4933284,34,France,Man,17890,Werpers,20,16,17,187,79,True,20,13,0,0,0,0,14,11,12
Discuswerpen,Tondi Patrick,4812177,37,Switzerland,Man,18240,Werpers,19,15,14,195,83,True,17,16,0,0,0,0,14,10,8
800 meter,Poh Giselle,5148430,30,Singapore,Vrouw,28830,Middenafstandslopers,20,10,16,182,54,True,20,0,14,19,0,0,1,10,9
20 km snelwandelen,Quelen Yassin,5043207,31,France,Man,29910,Snelwandelaars,20,13,17,181,51,True,16,1,18,2,8,0,0,16,11
Onbekend,Boo Sara,5552352,18,Singapore,Vrouw,4960,Snelwandelaars,20,2,17,178,78,True,20,3,14,2,3,2,2,6,8
Onbekend,Dixon Kayla,5590354,17,Great Britain,Vrouw,2000,Langeafstandslopers,20,2,14,170,73,True,17,3,11,6,3,3,3,5,7
Onbekend,Gandolfi Leandro,5333201,24,Argentina,Man,18510,Snelwandelaars,20,6,15,193,93,True,13,3,19,3,3,1,4,7,7
10 km snelwandelen,Rinaldi Guillermo,5168960,30,Argentina,Man,9350,Snelwandelaars,20,7,17,185,72,True,16,0,15,11,2,0,1,10,10
Kogelstoten,Eikeland Hanne,4947108,35,Norge,Vrouw,11620,Werpers,18,16,16,184,60,True,10,13,0,0,2,0,11,8,9
Discuswerpen,Bjørnstad Ragnar,4909562,35,Norge,Man,14200,Werpers,19,14,15,173,71,True,19,16,6,0,1,0,10,9,9
Hoogspringen,Aas Odd,4905656,35,Norge,Man,19350,Springers,15,15,15,194,74,True,13,0,0,0,9,17,0,9,10
Onbekend,Haugland Emil,5664144,17,Norge,Man,2180,Middenafstandslopers,13,1,15,181,78,True,15,1,9,10,1,3,3,5,9
Onbekend,Myklebust Evy,5666228,17,Norge,Vrouw,1430,Middenafstandslopers,10,1,15,161,56,True,19,1,8,8,2,2,2,7,7
Onbekend,Bulciaghi Antonio,5519101,19,Italia,Man,6570,Middenafstandslopers,20,2,16,189,97,True,18,1,9,15,3,3,3,8,6
5.000 meter,Alonso Josefa,5522597,20,Argentina,Vrouw,5790,Langeafstandslopers,18,3,15,162,68,True,20,1,14,3,2,3,2,9,7
Onbekend,Ibañez Lorenzo,5563042,19,Argentina,Man,3070,Werpers,20,2,15,186,85,True,19,12,1,2,1,1,3,6,6
Onbekend,Altamirano Julieta,5582437,18,Argentina,Vrouw,2300,Langeafstandslopers,20,1,16,171,70,True,18,1,11,5,3,3,1,6,8
Onbekend,Tula Eugenio,5527961,18,Argentina,Man,2230,Middenafstandslopers,20,2,17,171,78,True,13,0,7,11,3,2,2,8,7
200 meter,Davis Micah,5444203,23,Bahamas,Man,2680,Sprinters,20,5,14,182,78,True,7,9,1,12,1,1,3,8,8
400 meter horden,Hawkins Thomas,5443092,21,United States,Man,3160,Sprinters,20,4,15,170,76,True,19,8,3,10,9,2,3,7,10
200 meter,Foley Trinity,5446358,21,United States,Vrouw,4390,Sprinters,20,4,14,182,83,True,14,7,2,14,1,2,2,8,7
100 meter,Maleeva Yordanka,5442737,21,Bulgaria,Vrouw,4270,Sprinters,20,4,15,166,72,True,13,6,2,13,2,2,3,9,10
100 meter horden,Mihailova Emiliya,5435990,21,Bulgaria,Vrouw,8130,Sprinters,20,5,15,180,72,True,17,3,3,14,12,1,3,8,9
400 meter,Stankova Zornitsa,5461925,21,Bulgaria,Vrouw,7880,Sprinters,20,4,14,182,81,True,15,6,4,15,3,3,2,10,5
Hinkstapspringen,Ibrahim Aisyah,5446970,21,Malaysia,Vrouw,1570,Springers,20,5,17,179,80,True,8,2,1,5,7,10,1,7,9
Verspringen,Joelson Pâmela,5407935,21,Brasil,Vrouw,4930,Springers,20,5,16,189,92,True,11,3,3,8,9,14,3,7,8
Hinkstapspringen,Oberst Brooke,5422714,21,United States,Vrouw,5330,Springers,20,4,16,184,80,True,19,3,1,1,12,12,2,9,9
Polsstokhoogspringen,Borov Anastasiy,5392704,22,Bulgaria,Man,4740,Springers,20,6,14,186,89,True,17,1,6,0,10,12,1,9,10
Kogelslingeren,Phillips Angel,5456814,21,Venezuela,Man,2790,Werpers,20,4,15,168,75,True,18,10,0,3,7,3,9,10,6
Onbekend,Arce Sergi,5594857,17,Colombia,Man,3800,Werpers,18,2,16,196,102,True,19,13,2,2,3,0,1,5,7
Marathon,Cresci Gualtiero,5049808,31,Italia,Man,13840,Langeafstandslopers,20,13,16,170,73,True,19,0,13,8,2,1,0,13,14
Speerwerpen,Jurczak Barbara,5042704,31,Polska,Vrouw,35290,Werpers,20,12,15,169,58,True,19,17,0,2,1,1,18,10,11
20 km snelwandelen,Tarasiewicz Przemysław,5205617,27,Polska,Man,37880,Snelwandelaars,20,9,16,185,69,True,19,4,20,1,2,2,3,15,11
50 km snelwandelen,Jarmuż Adrian,4980027,33,Polska,Man,39130,Snelwandelaars,18,14,15,166,47,True,16,0,20,0,0,0,0,15,11
Marathon,Rosiek Ewa,5130491,30,Polska,Vrouw,27950,Langeafstandslopers,20,11,15,181,73,True,20,1,19,14,2,0,2,8,8
5.000 meter,Gołębiewska Danuta,5144455,29,Polska,Vrouw,26020,Langeafstandslopers,19,10,15,167,61,True,15,2,19,12,3,0,1,11,11
3.000 meter steeplechase,Przybyszewski Mirosław,5249869,27,Polska,Man,25750,Middenafstandslopers,20,9,15,186,84,True,16,2,19,11,3,1,1,9,12
400 meter horden,Wrzosek Julia,5147912,29,Polska,Vrouw,22380,Sprinters,20,9,16,171,63,True,17,0,3,19,12,2,0,7,8
400 meter,Róg Grażyna,5249866,28,Polska,Vrouw,23900,Sprinters,20,8,16,154,38,True,20,14,2,18,5,1,0,7,11
Onbekend,Hardie Jenna,5548908,17,Great Britain,Vrouw,1600,Springers,20,1,15,174,77,True,18,2,2,3,10,9,2,6,7
Vijfkamp Vrouwen,Lyle Maya,5280864,27,Great Britain,Vrouw,5300,Meerkampers,20,7,15,181,70,True,10,10,1,3,12,2,2,10,11
Hoogspringen,McMinn Maisie,5566955,22,Great Britain,Vrouw,2580,Springers,18,2,18,166,64,True,6,2,2,3,5,10,2,11,8
Onbekend,Dodds Samantha,5643134,17,Great Britain,Vrouw,1060,Snelwandelaars,20,1,14,166,63,True,12,5,9,2,7,1,3,8,6
Onbekend,Cusiter Hayley,5666233,17,Great Britain,Vrouw,1430,Langeafstandslopers,15,1,15,167,61,True,18,2,6,6,4,3,3,9,8
400 meter horden,Cuneo Wanda,5475002,19,Italia,Vrouw,3340,Sprinters,20,3,18,174,84,True,20,2,3,12,8,0,1,8,7
Onbekend,Mullings Gary,5559342,17,Jamaica,Man,1290,Snelwandelaars,19,2,15,190,94,True,6,3,9,6,1,1,1,7,9
Discuswerpen,Tarantino Arrate,5459650,21,España,Vrouw,12370,Werpers,20,5,15,166,64,True,17,15,2,1,4,1,15,7,8
800 meter,Drache Augustin,5299401,25,Deutschland,Man,10030,Middenafstandslopers,19,6,16,169,68,True,13,5,16,6,2,5,3,10,8
1.500 meter,Meineke Mats,5295249,25,Deutschland,Man,17500,Middenafstandslopers,20,6,16,173,79,True,10,5,18,3,0,9,3,9,10
Onbekend,Kusters Danique,5273648,25,Nederland,Vrouw,6760,Middenafstandslopers,18,3,11,171,69,True,19,8,15,2,2,1,5,9,7
800 meter,Vivian Leticia,5287499,25,Brasil,Vrouw,16380,Middenafstandslopers,20,6,19,167,71,True,20,6,18,5,1,1,5,9,8
Speerwerpen,Gardiner Danielle,5272693,25,Great Britain,Vrouw,32790,Werpers,20,6,19,182,87,True,20,20,3,1,3,5,2,10,10
110 meter horden,Lakakis Alfredos,5298753,25,Hellas,Man,29310,Sprinters,20,6,19,171,84,True,18,2,2,20,1,1,1,10,10
400 meter horden,English Hamish,5285655,25,Great Britain,Man,31230,Sprinters,20,7,17,183,89,True,19,4,1,20,1,1,3,7,8
Speerwerpen,Bērziņš Ziedonis,5277063,25,Latvija,Man,31680,Werpers,20,6,17,178,86,True,20,20,3,3,3,0,3,7,9
Kogelstoten,Mosberg Serge,5278664,25,Deutschland,Man,32280,Werpers,20,6,14,180,76,True,19,20,2,1,2,3,1,8,10
200 meter,Richards Gianna,5283257,25,United States,Vrouw,31880,Sprinters,20,6,19,183,80,True,18,1,2,20,2,2,2,9,9
Hinkstapspringen,Franco Custódia,5510804,18,Portugal,Vrouw,5340,Springers,20,3,19,163,71,True,6,3,1,3,10,14,2,9,7
50 km snelwandelen,Aragón Soraya,5511883,18,España,Vrouw,3080,Snelwandelaars,20,3,18,173,80,True,8,2,12,2,10,0,0,6,7
110 meter horden,Mauchle Samuele,5175192,28,Switzerland,Man,28430,Sprinters,20,9,17,165,64,True,18,0,3,18,17,2,2,10,10
Onbekend,Nascimento Amália,5574998,17,Portugal,Vrouw,720,Meerkampers,20,2,14,184,90,True,12,5,3,2,8,8,5,6,7
Marathon,Glass Brooke,5499039,21,Australia,Vrouw,2670,Langeafstandslopers,20,3,11,174,70,True,18,1,12,9,3,1,1,5,7
Onbekend,Glyde Lara,5562382,19,Australia,Vrouw,2160,Springers,20,2,14,177,70,True,19,1,3,1,5,10,3,7,9
Onbekend,Mestre Deolinda,5653349,17,Portugal,Vrouw,1080,Sprinters,14,1,15,174,67,True,18,9,3,5,2,0,3,5,7
Marathon,Pinder Chloe,5444057,21,Bahamas,Vrouw,14830,Langeafstandslopers,20,6,16,170,76,True,18,1,17,3,4,3,2,10,8
Onbekend,Basto Zélia,5508996,19,Portugal,Vrouw,3010,Langeafstandslopers,20,3,20,183,79,True,19,2,8,4,2,2,2,9,10
Onbekend,Dörre Ede,5548858,17,Deutschland,Man,2920,Springers,20,2,15,190,89,True,19,0,3,6,8,12,3,6,7
20 km snelwandelen,Cavazzin Emilia,5129429,29,Italia,Vrouw,54980,Snelwandelaars,20,11,17,168,40,True,18,1,20,2,2,0,0,17,16
Onbekend,Boerkamp Mieke,5659121,14,Nederland,Vrouw,800,Springers,10,1,15,156,53,True,14,3,4,7,2,9,1,5,5
Onbekend,Lugo Camila,5555381,19,Argentina,Vrouw,3300,Springers,20,2,18,159,56,True,20,3,3,4,6,12,3,8,7
100 meter,Abbondanzieri Vanesa,5528234,18,Argentina,Vrouw,2050,Sprinters,20,3,18,177,79,True,20,3,2,10,2,1,1,6,8
Discuswerpen,Chacana Mariela,5417257,23,Argentina,Vrouw,3910,Werpers,20,5,17,167,59,True,19,10,2,3,4,3,10,11,8
Onbekend,Páez Israel,5596337,19,España,Man,2510,Werpers,20,2,18,179,80,True,19,10,1,3,3,3,8,9,8
Onbekend,Refaat Astennu,5666397,14,Miṣr,Man,260,Zonder specialiteit,11,1,15,160,62,True,12,2,2,2,7,1,3,0,0
20 km snelwandelen,Mohorič Filip,5465495,20,Slovenija,Man,21060,Snelwandelaars,20,5,18,179,66,True,18,2,19,3,8,1,3,9,8
10 km snelwandelen,Migunova Alla,5389404,23,Rossiya,Vrouw,15010,Snelwandelaars,20,5,19,161,62,True,16,3,18,1,3,1,0,6,10
Onbekend,Garrido Florencio,5589346,17,España,Man,1590,Middenafstandslopers,15,1,18,166,71,True,6,7,11,7,3,2,1,7,6
Hinkstapspringen,Nöske Angelique,5127766,31,Deutschland,Vrouw,13020,Springers,20,10,15,174,72,True,15,0,2,0,9,16,0,11,10
Onbekend,Mendilíbar Remigio,5599213,17,España,Man,4120,Sprinters,20,1,15,182,90,True,17,2,3,13,1,3,7,6,7
Onbekend,Gastelum Samara,5591435,17,España,Vrouw,9980,Snelwandelaars,20,1,15,166,72,True,18,1,16,3,9,2,3,8,5
Hinkstapspringen,Surkhang Jana,5345505,23,Switzerland,Vrouw,8650,Springers,20,7,18,184,87,True,15,9,1,4,3,14,2,10,12
Onbekend,Brożek Dariusz,5563160,20,Polska,Man,800,Meerkampers,20,2,18,183,82,True,8,7,3,2,2,1,3,4,9
Onbekend,Navalón Minerva,5535705,17,España,Vrouw,1910,Werpers,20,2,15,177,79,True,19,9,3,3,6,3,8,7,8
Onbekend,Giusti Amilcare,5621128,16,Italia,Man,1920,Springers,20,1,17,172,74,True,19,1,0,3,2,10,3,7,7
Onbekend,Huntelaar Lisa,5662937,17,Nederland,Vrouw,1590,Springers,16,1,16,165,57,True,19,3,3,2,4,10,3,4,5
Polsstokhoogspringen,Poças Carlota,5501154,20,Portugal,Vrouw,5120,Springers,20,3,19,180,73,True,11,9,5,1,2,14,2,8,6
Onbekend,Borrego Clementina,5546197,20,España,Vrouw,1560,Springers,20,2,17,162,65,True,16,2,3,0,6,10,4,5,9
Hinkstapspringen,Melo Lourdes,4957412,35,España,Vrouw,7020,Springers,11,13,16,180,73,True,11,0,0,0,10,7,0,12,11
Onbekend,Ortega Manel,5641318,17,España,Man,1050,Werpers,15,1,16,168,71,True,20,4,3,2,4,1,6,5,4
100 meter,Amour Jean Michel,5419498,23,France,Man,10140,Sprinters,20,5,18,179,81,True,16,11,3,16,6,3,2,8,10
Onbekend,Muro Olimpia,5608630,17,España,Vrouw,560,Middenafstandslopers,16,1,15,172,70,True,12,3,6,9,5,3,1,5,5
Onbekend,Samaniego Loreto,5663708,17,España,Vrouw,970,Middenafstandslopers,16,1,15,162,60,True,7,3,9,5,2,0,0,7,9
Onbekend,Figueira Amanda,5435512,24,Portugal,Vrouw,2280,Meerkampers,17,2,11,166,76,True,11,1,10,3,1,10,1,7,9
Polsstokhoogspringen,Claretti Noemi,4423474,47,Italia,Vrouw,18980,Springers,20,20,16,179,53,True,19,0,0,0,0,7,0,2,3
Kogelstoten,Gerola Giulia,4523403,46,Italia,Vrouw,9540,Werpers,11,17,13,173,70,True,19,0,0,0,0,0,7,2,3
110 meter horden,Anderson Eetu,4554539,44,Suomi,Man,7310,Sprinters,11,17,15,184,95,True,13,0,0,5,0,0,0,5,5
100 meter,Bouzas Julene,4594976,44,España,Vrouw,8920,Sprinters,12,17,18,160,59,True,16,0,0,7,0,0,0,5,3
Onbekend,Joachimowska Natasza,5666411,17,Polska,Vrouw,170,Zonder specialiteit,13,1,15,170,62,True,12,6,1,3,2,3,2,0,0
Hoogspringen,Vilain Claire,5405446,22,France,Vrouw,5300,Springers,20,2,17,164,60,True,18,2,7,2,7,14,2,9,6
Onbekend,Baldolini Olivia,5666413,15,Italia,Vrouw,1300,Zonder specialiteit,18,1,15,163,55,True,20,1,9,2,0,2,1,0,0
Onbekend,De Gregoriis Adamo,5666414,16,Italia,Man,780,Zonder specialiteit,11,1,15,173,72,True,12,0,5,3,3,1,10,0,0
Onbekend,Baldoni Pietro,5666415,14,Italia,Man,620,Zonder specialiteit,16,1,15,163,59,True,17,0,1,3,8,1,2,0,0
Onbekend,Roberti Gelsomina,5666412,16,Italia,Vrouw,400,Zonder specialiteit,20,1,15,169,68,True,12,8,1,1,2,5,3,0,0
Onbekend,Kankkunen Maria,5477971,20,Suomi,Vrouw,8020,Werpers,20,3,17,178,85,True,17,8,2,2,2,0,16,6,6
400 meter,Valsecchi Andrea,5264480,26,Italia,Man,9660,Sprinters,20,6,17,184,87,True,15,4,1,16,6,1,3,10,9
Verspringen,Limón Teresa,5292181,25,España,Vrouw,4930,Springers,20,5,17,179,62,True,18,3,2,7,11,12,3,10,9
Verspringen,Mantzarli Giouli,5234290,29,Hellas,Vrouw,5130,Springers,20,7,16,164,45,True,11,3,3,9,4,13,5,11,9
Discuswerpen,Moliner Adán,5006747,34,España,Man,6160,Werpers,17,12,19,179,85,True,7,12,0,0,3,0,9,10,11
200 meter,Madero Gustavo,5093620,32,Argentina,Man,17610,Sprinters,18,12,16,184,84,True,13,14,0,17,1,1,0,9,10
Speerwerpen,Boques Telma,4892774,35,Brasil,Vrouw,9380,Werpers,13,15,13,183,94,True,10,14,0,0,2,0,10,8,9
Onbekend,de Jong Gea,5611026,17,Nederland,Vrouw,220,Middenafstandslopers,10,1,15,183,84,True,8,1,3,7,2,3,1,3,4
Vijfkamp Vrouwen,Moritz Sabina,4849834,36,España,Vrouw,3490,Meerkampers,13,11,20,177,75,True,9,7,0,9,0,3,6,10,10
Onbekend,Quarino Donata,5647364,14,Italia,Vrouw,880,Meerkampers,18,1,14,157,51,True,16,1,2,8,5,0,7,7,5
Onbekend,Orefici Margherita,5532975,18,Italia,Vrouw,1520,Meerkampers,20,1,14,172,78,True,17,8,9,8,2,6,2,5,8
Onbekend,Pizzigati Gina,5491231,19,Italia,Vrouw,1250,Meerkampers,20,2,15,178,82,True,14,6,2,7,4,10,4,7,5
Onbekend,Perrone Fulgenzio,5666419,17,Italia,Man,1870,Sprinters,12,1,15,184,83,True,19,3,2,10,3,3,3,7,6
10 km snelwandelen,Lamesta Clizia,4867108,37,Italia,Vrouw,36210,Snelwandelaars,17,13,15,174,58,True,19,0,20,0,5,0,0,9,14
Marathon,Sherwood Henry,5078821,30,Great Britain,Man,10600,Langeafstandslopers,19,10,18,167,73,True,12,1,16,10,1,2,1,8,9
Onbekend,Mulas Elvio,5538893,18,Italia,Man,1950,Snelwandelaars,20,2,13,188,92,True,19,0,10,3,8,2,3,8,6
Onbekend,Giavedoni Silvano,5577731,18,Italia,Man,600,Springers,20,1,11,178,83,True,14,2,5,3,6,7,3,7,7
Onbekend,Cavallucci Marcella,5606362,17,Italia,Vrouw,2980,Sprinters,20,1,15,178,80,True,13,10,1,12,4,1,3,9,6
5.000 meter,Świerczyńska Kamila,5356826,23,Polska,Vrouw,12070,Langeafstandslopers,20,6,17,171,71,True,19,2,16,12,3,0,1,11,10
10.000 meter,Kerz Mila,5339556,26,Deutschland,Vrouw,13780,Langeafstandslopers,20,6,19,164,55,True,16,1,17,12,4,3,3,10,9
Onbekend,Hart Sophia,5539013,17,United States,Vrouw,2060,Springers,20,1,15,171,78,True,17,2,2,1,10,10,3,7,6
Onbekend,Pruitt Sebastian,5542399,17,United States,Man,6410,Springers,20,2,15,170,80,True,19,4,3,2,14,9,3,6,7
Onbekend,Marinucci Betta,5551079,17,Italia,Vrouw,4170,Langeafstandslopers,20,2,15,172,78,True,8,3,14,8,3,3,1,7,7
Onbekend,Carpani Vito,5581473,17,Italia,Man,5280,Snelwandelaars,20,1,14,183,91,True,13,1,15,3,1,1,2,6,5
Onbekend,Semeraro Delfina,5555818,17,Italia,Vrouw,9840,Snelwandelaars,20,2,15,180,82,True,18,2,16,3,2,3,2,9,8
Onbekend,Rovaris Orietta,5536161,18,Italia,Vrouw,1570,Meerkampers,20,2,19,180,82,True,18,3,3,5,5,7,7,7,9
Onbekend,Espejo Nora,5554465,18,España,Vrouw,3470,Snelwandelaars,20,1,14,174,78,True,20,3,7,3,12,2,1,5,7
Onbekend,Kuusk Evelin,5579928,17,Eesti,Vrouw,1110,Sprinters,20,2,18,169,73,True,12,8,2,9,6,2,4,6,8
Onbekend,Afinogenova Snezhana,5585815,17,Rossiya,Vrouw,2290,Meerkampers,20,2,18,166,70,True,10,1,2,10,2,6,11,7,4
Onbekend,Rissone Luciano,5606556,17,Italia,Man,2620,Langeafstandslopers,20,1,15,176,79,True,11,1,12,3,2,1,2,8,6
Marathon,Brás Firmina,5383724,23,Portugal,Vrouw,9140,Langeafstandslopers,20,6,19,168,63,True,17,2,15,2,0,2,1,10,10
110 meter horden,Hebert Evan,5454983,21,United States,Man,6700,Sprinters,20,4,18,163,74,True,11,4,2,15,11,3,1,8,7
100 meter horden,Hernandez Emily,5458469,21,United States,Vrouw,9120,Sprinters,20,3,18,173,71,True,20,1,1,16,10,1,2,6,7
100 meter,Remington Tiffany,5445664,21,United States,Vrouw,5770,Sprinters,20,4,18,178,75,True,20,9,3,14,2,3,4,7,8
400 meter horden,Rose Mariah,5411401,21,United States,Vrouw,9690,Sprinters,20,4,16,184,90,True,18,7,2,16,8,4,1,10,8
800 meter,LaBorde Raymond,5431979,21,United States,Man,8460,Middenafstandslopers,20,4,17,186,90,True,10,1,10,15,2,1,1,8,9
1.500 meter,Montgomery Marissa,5422501,21,United States,Vrouw,3620,Middenafstandslopers,20,4,19,165,71,True,11,1,13,10,1,5,2,8,7
Onbekend,Ventilii Gelsomina,5586399,17,Italia,Vrouw,1930,Meerkampers,20,1,14,177,79,True,19,7,1,9,7,2,3,6,8
10.000 meter,Ochoa Cassandra,5453440,21,United States,Vrouw,6630,Langeafstandslopers,20,3,17,171,65,True,14,3,15,9,1,1,2,7,9
20 km snelwandelen,Ferraz Ernesto,5432988,21,Portugal,Man,6830,Snelwandelaars,20,3,18,175,88,True,15,3,15,2,9,0,5,8,9
50 km snelwandelen,Raide Illimar,5439507,21,Eesti,Man,8100,Snelwandelaars,20,4,19,186,90,True,14,1,16,1,1,3,3,8,7
Discuswerpen,Acevedo Sophia,5467866,21,United States,Vrouw,4070,Werpers,20,4,19,179,77,True,19,13,3,2,2,3,9,7,9
Tienkamp,Zamora Ethan,5459596,21,United States,Man,2300,Meerkampers,20,3,17,178,81,True,18,11,2,6,7,3,6,8,6
Vijfkamp Vrouwen,McCoy Amelia,5440930,21,United States,Vrouw,4360,Meerkampers,20,4,18,180,80,True,16,10,3,12,7,2,1,9,7
Hinkstapspringen,Cetuvel Nádia,5229673,28,Portugal,Vrouw,23540,Springers,20,9,18,182,74,True,16,3,1,3,17,17,2,8,9
Onbekend,Altieri Nando,5606442,17,Italia,Man,1900,Sprinters,20,2,18,176,78,True,17,4,2,10,1,1,1,8,8
Discuswerpen,Scheck Anni,4964415,33,Deutschland,Vrouw,9680,Werpers,20,10,18,183,78,True,20,15,3,0,4,0,13,9,8
Onbekend,van Buren Marit,5603090,17,Nederland,Vrouw,1450,Springers,20,1,16,164,64,True,12,3,3,2,7,10,5,6,8
Onbekend,van der Bilt Roosje,5588535,17,Nederland,Vrouw,3300,Langeafstandslopers,20,2,20,172,71,True,20,2,12,2,3,3,2,5,9
Onbekend,van Loon Imke,5520175,18,Nederland,Vrouw,1130,Werpers,20,3,19,180,83,True,13,8,2,4,1,1,8,8,6
Polsstokhoogspringen,Belkaid Fatima,5464985,21,Al-Maghrib,Vrouw,2410,Springers,20,4,19,176,68,True,17,2,1,1,9,8,3,8,10
Kogelstoten,Cavazzoni Cosimo,5419382,21,Italia,Man,28840,Werpers,20,4,20,176,85,True,18,20,3,0,3,3,5,11,7
400 meter,van der Lee Patrick,5420098,22,Nederland,Man,4180,Sprinters,20,3,19,187,85,True,19,7,0,13,5,3,3,8,5
Onbekend,Fogaça Samuel,5571204,17,Portugal,Man,1510,Sprinters,20,2,15,188,91,True,7,3,6,11,2,0,4,8,7
Onbekend,Abrunhosa Severino,5581369,17,Portugal,Man,640,Springers,20,1,15,173,83,True,9,1,3,5,4,8,3,7,6
400 meter horden,Voksakis Triantafilos,5248973,26,Hellas,Man,5860,Sprinters,20,6,17,170,71,True,18,7,3,13,2,2,3,11,10
Onbekend,Crato Eugénio,5647286,17,Portugal,Man,630,Zonder specialiteit,15,1,15,159,62,True,18,6,3,1,2,3,3,0,0
Onbekend,Semedo César,5640812,17,Portugal,Man,970,Zonder specialiteit,16,1,15,184,89,True,19,1,7,7,2,2,1,0,0
Onbekend,Alvim Ana Cristina,5643586,17,Portugal,Vrouw,100,Zonder specialiteit,18,1,15,183,81,True,10,2,2,5,2,1,3,0,0
Speerwerpen,Amici Emanuel,5053485,31,Italia,Man,21290,Werpers,20,13,14,190,87,True,17,14,1,2,4,0,18,10,10
50 km snelwandelen,Muros Cecilia,5079515,32,España,Vrouw,20580,Snelwandelaars,20,8,17,178,71,True,19,1,18,2,2,0,0,12,11
1.500 meter,Pizarro Amancio,5282237,27,España,Man,14860,Middenafstandslopers,20,7,18,178,76,True,17,3,14,5,3,2,1,13,14
5.000 meter,Mateo Andrea,4871108,37,España,Vrouw,10930,Langeafstandslopers,16,11,15,176,62,True,18,0,16,5,0,0,0,9,9
10 km snelwandelen,Etxeberría Erlantz,5204467,29,España,Man,11000,Snelwandelaars,20,7,16,162,62,True,19,0,16,2,5,2,0,10,8
Verspringen,Jadraque Urtzi,5006738,33,España,Man,10240,Springers,19,12,20,177,69,True,17,0,0,2,5,14,0,11,12
Verspringen,Pasabán Raquel,5189568,28,España,Vrouw,17160,Springers,20,9,16,174,69,True,17,2,1,1,4,16,0,12,13
Vijfkamp Mannen,Zamudio Benito,5194044,30,España,Man,3720,Meerkampers,20,8,16,172,61,True,20,11,2,9,3,7,5,10,8
Vijfkamp Vrouwen,Escolano Coral,5167542,29,España,Vrouw,3520,Meerkampers,20,8,15,163,59,True,16,10,7,10,2,4,10,8,8
10 km snelwandelen,van Bree Jurre,5111140,30,Nederland,Man,6240,Snelwandelaars,20,7,16,184,88,True,18,0,12,0,5,0,0,11,11
Onbekend,Pagavino Armando,5511261,18,Italia,Man,2290,Werpers,20,2,18,184,88,True,6,10,3,2,2,1,10,9,7
Zevenkamp,Mastroianni Marilena,4983162,33,Italia,Vrouw,7940,Meerkampers,20,9,18,182,71,True,18,15,8,7,1,5,5,10,8
Onbekend,Celotto Giannina,5585384,17,Italia,Vrouw,1880,Sprinters,18,2,18,177,76,True,8,1,6,12,1,3,5,5,4
5.000 meter,Cotini Ivana,4964245,33,Italia,Vrouw,26260,Langeafstandslopers,20,13,16,176,55,True,17,0,17,16,0,0,0,11,11
Speerwerpen,Beier Detlev,5187194,29,Deutschland,Man,10960,Werpers,20,8,16,176,70,True,18,11,2,0,4,5,14,11,13
Onbekend,Zulaica Bieito,5508112,19,España,Man,600,Langeafstandslopers,19,2,19,186,98,True,10,2,6,4,1,1,1,3,8
20 km snelwandelen,Lorenzo Julene,4721083,40,España,Vrouw,35620,Snelwandelaars,16,16,18,176,61,True,19,0,20,0,0,0,0,9,13
Onbekend,Haidane Ambrogia,5548829,17,Italia,Vrouw,1540,Werpers,19,2,14,179,81,True,6,10,2,1,3,2,9,6,6
800 meter,Borges Isabel,5364916,25,España,Vrouw,9900,Middenafstandslopers,20,5,17,178,68,True,20,3,9,13,2,1,3,12,12
3.000 meter steeplechase,Hawthorne Freya,5495139,19,Great Britain,Vrouw,2620,Middenafstandslopers,20,4,16,170,78,True,10,2,10,9,7,1,1,10,9
Onbekend,Sbragia Sean,5590387,16,Great Britain,Man,1420,Meerkampers,20,2,15,186,91,True,15,2,1,11,6,2,1,6,6
Onbekend,Stuart Jack,5590359,24,Great Britain,Man,2730,Snelwandelaars,20,2,15,180,83,True,16,2,10,3,3,1,1,11,6
Onbekend,Arango Isabel,5579686,17,Colombia,Vrouw,2000,Meerkampers,20,3,16,172,76,True,13,5,2,11,4,0,0,8,6
50 km snelwandelen,Walker Rene,5513280,19,South Africa,Vrouw,4610,Snelwandelaars,20,3,17,166,74,True,17,2,13,1,5,4,3,10,9
20 km snelwandelen,Koreňová Stanislava,5538299,18,Slovensko,Vrouw,4250,Snelwandelaars,20,3,17,166,73,True,18,1,13,4,4,3,2,8,10
Marathon,Neymour Des,5525769,19,Bahamas,Man,3950,Langeafstandslopers,20,4,16,185,91,True,18,2,13,3,1,3,2,6,6
Onbekend,Sinclair Dalton,5602796,17,United States,Man,6920,Langeafstandslopers,14,1,12,184,85,True,19,2,15,2,0,3,3,4,5
Hoogspringen,Bragadóttir Jana,5503932,21,Ísland,Vrouw,2060,Springers,20,3,16,179,73,True,13,2,2,2,2,11,2,5,8
Onbekend,Bueno Angela,5571470,18,Uruguay,Vrouw,1540,Springers,20,2,17,183,83,True,14,2,2,1,10,9,1,5,5
Onbekend,Zamudio Águeda,5652294,17,España,Vrouw,1880,Werpers,19,1,14,154,52,True,19,10,1,0,4,3,9,6,6
Onbekend,Lardiés Hodei,5544543,19,España,Man,2020,Werpers,20,1,11,180,81,True,20,11,4,2,2,0,6,4,4
Onbekend,Gordillo Isaías,5449784,20,España,Man,1170,Meerkampers,20,2,11,182,89,True,14,8,4,5,10,4,1,7,6
Onbekend,Concepción Marimar,5419232,23,España,Vrouw,1360,Meerkampers,20,3,11,162,61,True,9,10,3,3,9,2,4,7,8
Onbekend,Maloney Holly,5570496,17,Great Britain,Vrouw,940,Werpers,19,1,15,167,73,True,7,9,1,0,2,6,8,6,6
Onbekend,Fitchie Robert,5568223,17,Great Britain,Man,1390,Springers,20,2,17,182,91,True,10,3,1,3,7,8,1,8,9
Onbekend,Durie Kayla,5596580,16,Great Britain,Vrouw,640,Sprinters,20,1,16,175,77,True,12,9,2,6,3,0,1,5,7
110 meter horden,Henao Arsenio,4906403,38,España,Man,5050,Sprinters,18,15,15,174,69,True,17,0,0,8,2,0,0,8,8
Vijfkamp Mannen,Lampreave Manex,5038644,32,España,Man,6270,Meerkampers,20,12,11,180,76,True,14,3,1,0,3,1,9,12,11
10 km snelwandelen,Monje Arrate,5208291,30,España,Vrouw,3140,Snelwandelaars,20,5,13,167,59,True,15,0,12,1,2,2,4,8,9
10 km snelwandelen,Sarriegi Abigail,4874567,38,España,Vrouw,10160,Snelwandelaars,16,16,13,172,54,True,18,0,8,3,0,0,0,12,11
Onbekend,Traba Hugo,5550981,17,España,Man,1530,Snelwandelaars,19,2,16,190,100,True,6,7,10,2,5,1,1,8,8
Onbekend,Davidson Brandon,5550929,18,Jamaica,Man,2690,Sprinters,18,2,18,180,86,True,6,3,6,12,3,2,2,5,9
Onbekend,Day Marlon,5492598,19,Jamaica,Man,5170,Sprinters,20,2,18,190,97,True,8,5,1,14,3,1,3,8,7
Polsstokhoogspringen,Bell Juvenne,5263046,27,Jamaica,Vrouw,14710,Springers,18,9,16,167,62,True,12,3,6,2,8,17,2,10,10
Kogelslingeren,McPhee Ray,5301262,24,Jamaica,Man,8680,Werpers,20,7,16,178,91,True,11,11,4,1,2,1,14,9,11
Verspringen,Symonette Ananda,5115041,30,Jamaica,Vrouw,9810,Springers,20,13,17,187,72,True,14,2,0,4,8,15,1,10,7
Vijfkamp Vrouwen,Dzięcioł Iwona,5322604,25,Polska,Vrouw,4270,Meerkampers,20,5,19,172,65,True,16,8,2,10,3,12,2,9,9
Onbekend,Karamoula Melaxrini,5536790,19,Hellas,Vrouw,4810,Langeafstandslopers,20,2,19,177,68,True,15,3,14,3,2,0,3,7,8
Onbekend,Tentomas Gabriil,5647404,17,Hellas,Man,1540,Werpers,19,1,14,190,95,True,15,5,3,2,2,3,11,8,5
Onbekend,Heumann Janine,5551430,17,Deutschland,Vrouw,1440,Zonder specialiteit,20,2,15,172,75,True,17,3,0,1,9,10,2,0,0
Onbekend,Muth Bodo,5601080,17,Deutschland,Man,850,Zonder specialiteit,20,1,15,184,86,True,17,9,3,2,2,2,6,0,0
Onbekend,Homuth Ryan,5633709,17,Deutschland,Man,1580,Meerkampers,20,1,14,176,78,True,15,10,9,4,1,3,1,7,5
Onbekend,Lotito Krizia,5627709,17,Italia,Vrouw,2080,Sprinters,20,1,13,177,76,True,11,3,3,12,2,2,2,6,8
Onbekend,Perrone Giuliano,5633621,17,Italia,Man,2270,Langeafstandslopers,17,1,14,164,70,True,11,1,11,2,9,3,1,7,6
Onbekend,Beati Luciana,5639657,17,Italia,Vrouw,1090,Werpers,20,1,13,169,71,True,18,5,2,2,2,1,9,6,6
Onbekend,Mauser Elfi,5624428,16,Deutschland,Vrouw,1360,Meerkampers,20,1,16,156,55,True,18,8,1,4,5,3,2,8,6
Kogelslingeren,Centurelli Christian,5484254,19,Italia,Man,850,Werpers,20,1,16,181,93,True,9,3,3,1,4,2,9,7,8
50 km snelwandelen,Salmerón Isolda,5379949,22,España,Vrouw,31560,Snelwandelaars,20,5,15,186,76,True,20,2,20,2,3,2,2,13,12
400 meter horden,Ridolfo Gabriella,5002817,34,Italia,Vrouw,11770,Sprinters,18,12,16,177,69,True,18,9,0,16,8,0,0,10,7
5.000 meter,Soyer Jean-Paul,5119980,31,France,Man,6590,Langeafstandslopers,20,9,17,179,77,True,14,1,14,8,2,0,1,10,10
Polsstokhoogspringen,Masson Louis,5106272,33,France,Man,7840,Springers,20,9,16,183,84,True,15,3,0,0,15,6,1,10,8
Onbekend,Melillo Celeste,5539414,17,Italia,Man,3670,Springers,20,2,15,194,107,True,14,1,2,0,3,13,3,7,7
Onbekend,Raddi Antonello,5562398,17,Italia,Man,2720,Werpers,20,2,15,166,76,True,17,12,3,3,3,3,8,8,7
Kogelstoten,Harrison Alfred,5211081,29,Jamaica,Man,12140,Werpers,20,11,16,185,78,True,12,13,4,1,0,3,15,11,10
Onbekend,Celades Nàdia,5651472,16,España,Vrouw,1610,Meerkampers,20,1,15,172,72,True,19,3,3,8,1,1,8,8,6
110 meter horden,Thrane Magnus,5185801,33,Danmark,Man,18130,Sprinters,18,12,18,190,70,True,19,7,0,18,6,0,0,8,8
Discuswerpen,Soelberg Bente,4866380,36,Danmark,Vrouw,27710,Werpers,18,17,18,179,64,True,15,18,0,0,0,0,11,8,8
Onbekend,Laurel Bituin,5605700,16,Pilipinas,Vrouw,1200,Sprinters,20,1,15,183,84,True,16,2,0,10,2,1,3,6,7
400 meter,Paeseler Bert,4920527,35,Deutschland,Man,45960,Sprinters,19,16,16,185,69,True,20,15,0,19,0,0,0,16,10
800 meter,Altamirano Magtanggol,5532894,20,Pilipinas,Man,1310,Middenafstandslopers,20,2,16,177,69,True,18,3,4,9,3,3,1,7,8
200 meter,Mpirlaki Areti,5277043,26,Hellas,Vrouw,24210,Sprinters,19,6,17,162,54,True,20,6,2,19,5,2,2,11,11
1.500 meter,Imran Adi,5510557,22,Malaysia,Man,2870,Middenafstandslopers,20,4,16,179,67,True,19,2,10,10,2,3,3,9,8
1.500 meter,Abdul Salam Aishah,5527344,19,Malaysia,Vrouw,1700,Middenafstandslopers,20,2,16,158,63,True,18,8,8,5,2,1,2,7,9
1.500 meter,Elorde Lilibeth,5528722,20,Pilipinas,Vrouw,1820,Middenafstandslopers,20,2,13,182,69,True,17,8,10,3,1,1,3,8,5
20 km snelwandelen,Hönlinger Sebastian,5316420,27,Österreich,Man,18140,Snelwandelaars,20,9,15,185,81,True,15,2,18,4,9,0,3,10,12
Marathon,Pekey Khalid,5492783,23,Indonesia,Man,4890,Langeafstandslopers,20,4,18,165,58,True,17,3,12,4,2,1,2,9,11
Onbekend,Hubalde Maricel,5577828,19,Pilipinas,Vrouw,2190,Langeafstandslopers,20,1,16,159,57,True,16,7,11,2,3,2,2,9,6
50 km snelwandelen,Hierba Margarida,5229628,26,España,Vrouw,19680,Snelwandelaars,20,8,19,189,49,True,15,3,18,4,9,3,3,12,10
50 km snelwandelen,Camaso Cherry,5354084,24,Pilipinas,Vrouw,11230,Snelwandelaars,20,6,15,163,57,True,20,2,16,2,2,3,3,10,10
10 km snelwandelen,Hu Eva,5561501,19,Singapore,Vrouw,3180,Snelwandelaars,20,2,17,161,60,True,19,8,12,0,0,3,1,8,7
Hinkstapspringen,Georgitsas Filippos,5188726,29,Hellas,Man,21990,Springers,19,8,17,176,74,True,15,0,2,1,17,16,2,8,11
Onbekend,Roekito Hedi,5599098,18,Indonesia,Man,1980,Springers,20,1,16,162,64,True,19,3,9,2,3,9,3,5,8
Onbekend,Peh Megan,5576462,17,Singapore,Vrouw,2030,Springers,20,2,15,171,79,True,17,1,10,2,2,10,3,7,7
Kogelslingeren,Banal Arvin,5526351,19,Pilipinas,Man,2390,Werpers,20,3,16,168,77,True,20,2,7,2,1,2,8,8,9
Speerwerpen,Fais Yonas,5381233,24,Indonesia,Man,5910,Werpers,20,6,14,169,79,True,19,7,1,3,2,3,12,10,11
Onbekend,Dayat Bryna,5615052,17,Indonesia,Vrouw,1770,Werpers,20,1,16,173,74,True,17,2,3,10,3,2,7,9,6
Onbekend,Di Pietropaolo Matteo,5366097,24,Italia,Man,1500,Sprinters,20,1,11,185,84,True,11,4,3,11,2,2,0,5,8
Onbekend,Corvo Fiorella,5352218,23,Italia,Vrouw,1200,Sprinters,19,1,11,182,75,True,15,3,4,10,6,3,4,5,5
Onbekend,Tarantino Cinzia,5339137,24,Italia,Vrouw,1460,Sprinters,20,1,11,165,63,True,16,2,4,9,9,2,1,7,5
Onbekend,Azzarelli Delfina,5174516,34,Italia,Vrouw,670,Middenafstandslopers,11,4,11,182,93,True,13,0,3,9,0,0,0,7,6
Onbekend,Cerroni Gavino,5287966,25,Italia,Man,2250,Langeafstandslopers,18,1,11,173,79,True,16,12,6,4,4,2,2,7,6
Onbekend,Giovi Marcolini Morena,5328944,26,Italia,Vrouw,1030,Langeafstandslopers,14,1,11,162,60,True,11,7,10,4,4,6,3,6,6
Onbekend,Satireyo Vittoria,5333270,24,Italia,Vrouw,1530,Langeafstandslopers,18,2,11,173,65,True,18,4,10,2,3,2,0,6,6
Onbekend,Frati Walter,5369479,23,Italia,Man,1660,Snelwandelaars,19,2,11,173,76,True,19,3,10,3,6,1,4,5,6
Onbekend,Garzi Massimiliano,5460922,20,Italia,Man,990,Springers,15,1,11,179,90,True,9,2,3,3,5,10,1,5,5
Onbekend,Oldani Marzia,5281208,25,Italia,Vrouw,930,Springers,15,2,11,180,78,True,10,6,3,6,4,10,3,6,6
Onbekend,Salvini Stefania,5489671,20,Italia,Vrouw,1430,Springers,20,1,11,166,69,True,17,2,3,2,4,9,0,8,8
Onbekend,Casamassima Simone,5336422,26,Italia,Man,1240,Werpers,10,1,11,169,83,True,6,10,2,2,3,1,4,7,9
Onbekend,Merli Mario,5386984,22,Italia,Man,2560,Werpers,19,1,11,173,71,True,18,8,1,2,2,1,9,10,9
Onbekend,Guzzi Cinzia,5342985,25,Italia,Vrouw,1330,Werpers,15,1,11,163,66,True,7,10,3,4,2,2,9,7,4
Onbekend,Incitti Eugenio,5409609,22,Italia,Man,1680,Meerkampers,20,1,11,170,75,True,19,8,4,4,9,2,1,8,7
Onbekend,Manteuffel Martha,5593360,17,Deutschland,Vrouw,2260,Springers,20,1,15,168,69,True,12,8,1,3,8,11,2,8,8
Onbekend,Kämpfer Rosi,5599937,17,Deutschland,Vrouw,2240,Sprinters,20,1,15,175,71,True,15,8,1,11,2,0,2,8,6
Onbekend,Rolland Abbi,5524871,19,Great Britain,Vrouw,1680,Langeafstandslopers,20,2,17,176,73,True,16,3,9,9,4,3,2,7,8
Onbekend,Segarra Ithaisa,5566189,17,España,Vrouw,1340,Sprinters,20,2,14,174,77,True,14,3,2,6,3,4,1,10,8
Onbekend,Flores Luis,5554830,18,El Salvador,Man,2390,Sprinters,20,2,20,189,93,True,10,9,2,11,3,2,3,8,9
Onbekend,Carpani Alvaro,5574019,17,Italia,Man,650,Meerkampers,20,1,15,177,85,True,13,7,3,4,8,1,2,6,7
5.000 meter,Pestelli Sabrina,5151513,30,Italia,Vrouw,21950,Langeafstandslopers,20,7,19,181,64,True,18,2,18,6,0,0,2,12,12
10 km snelwandelen,Palucci Anteo,5048692,31,Italia,Man,14880,Snelwandelaars,20,8,20,190,82,True,12,0,16,2,9,0,2,13,10
Kogelslingeren,Guigou Aracelia,5469718,21,Uruguay,Vrouw,2260,Werpers,20,7,17,181,79,True,17,9,5,2,1,2,9,8,9
100 meter,Silva Ignazio,5468081,24,Uruguay,Man,3230,Sprinters,20,7,16,175,80,True,14,6,2,10,2,1,0,9,11
110 meter horden,Vázquez Salomon,5468082,24,Uruguay,Man,3980,Sprinters,20,7,19,173,69,True,11,4,1,13,9,3,1,9,6
Onbekend,Hansen Amelie,5641449,17,Great Britain,Vrouw,1710,Snelwandelaars,19,1,16,175,71,True,17,3,10,3,8,2,1,5,7
Hoogspringen,Cairns Ethan,4937541,36,Great Britain,Man,9420,Springers,20,15,17,189,57,True,19,0,0,4,6,12,0,11,10
10.000 meter,Morrison Elliot,4877767,36,Great Britain,Man,23280,Langeafstandslopers,19,16,11,182,55,True,16,0,15,16,0,0,0,13,9
Onbekend,Boucher Kasper,5546424,17,België,Man,8480,Snelwandelaars,20,2,16,190,101,True,17,3,16,1,2,6,2,7,6
Onbekend,Hilke Sami,5578326,17,België,Man,1570,Meerkampers,20,1,18,180,90,True,16,7,3,10,2,2,3,6,8
Onbekend,Van Heyste Ysaline,5603079,17,België,Vrouw,1570,Werpers,20,1,18,167,70,True,18,9,4,2,3,3,8,8,6
Onbekend,Van Eeckhoutte Ryan,5543216,17,België,Man,2690,Meerkampers,20,2,15,186,98,True,15,7,2,12,3,2,3,7,8
Onbekend,Marconcini Rocco,5607611,17,Italia,Man,2760,Sprinters,20,1,18,168,77,True,13,9,3,12,3,2,2,6,6
Onbekend,Salvalai Lucrezia,5607617,16,Italia,Vrouw,2340,Sprinters,20,2,19,182,83,True,17,7,2,12,2,2,0,6,6
Onbekend,Pancera Melania,5628242,15,Italia,Vrouw,1040,Springers,13,1,14,159,55,True,7,3,3,7,4,10,3,5,5
Speerwerpen,Belotti Flavia,5266967,25,Italia,Vrouw,35550,Werpers,20,8,18,187,87,True,18,18,1,1,2,5,19,11,11
Kogelstoten,Haase Sabri,5505948,30,België,Man,1430,Werpers,19,4,17,195,96,True,12,7,0,0,1,0,7,8,10
Discuswerpen,Garbers Laureen,5465581,21,Deutschland,Vrouw,9480,Werpers,20,4,19,173,79,True,16,14,4,3,3,1,15,5,8
Hoogspringen,Kostka Grażyna,5419468,21,Polska,Vrouw,3700,Springers,20,3,20,183,81,True,15,3,3,0,11,11,1,9,9
50 km snelwandelen,Rial Florencia,5057597,31,Argentina,Vrouw,18840,Snelwandelaars,20,11,15,187,66,True,20,0,16,9,3,7,1,13,13
400 meter,Kuijpers Stijn,5050122,31,Nederland,Man,9170,Sprinters,19,10,17,194,88,True,12,7,1,14,1,0,2,12,12
200 meter,Boerkamps Mason,5398106,24,Nederland,Man,7000,Sprinters,20,5,18,183,75,True,10,4,3,12,2,2,2,12,12
Onbekend,Ottoni Irma,5597794,17,Italia,Vrouw,2790,Langeafstandslopers,20,2,19,180,77,True,16,1,12,3,3,4,3,7,5
Onbekend,Brood Ankie,5589429,17,Nederland,Vrouw,1000,Meerkampers,20,1,14,179,78,True,18,5,5,5,2,4,4,8,7
Onbekend,Artigas Isabel,5556587,17,España,Vrouw,1650,Middenafstandslopers,20,2,14,172,75,True,13,9,11,5,1,3,3,7,6
400 meter,Huyan Yuyu,5128766,30,China,Man,39780,Sprinters,20,14,15,185,84,True,17,17,2,20,2,1,1,10,10
Onbekend,Thirkell Hugh,5600055,17,Australia,Man,900,Middenafstandslopers,19,2,15,173,81,True,9,6,8,9,3,1,1,7,4
Onbekend,Meany Eliza,5618442,17,Australia,Vrouw,1370,Langeafstandslopers,18,1,14,178,76,True,8,2,11,8,3,4,2,5,7
Onbekend,Maher Kamilah,5623083,16,Miṣr,Vrouw,1730,Springers,20,1,15,155,53,True,9,1,3,1,10,10,2,7,8
Onbekend,Weil Concepción,5616913,17,Chile,Vrouw,1480,Springers,20,1,14,170,73,True,14,3,3,3,9,10,3,5,6
Onbekend,Abercrombie John,5607802,17,Australia,Man,1410,Werpers,19,1,15,177,81,True,8,10,2,3,3,1,8,6,9
Onbekend,Pulgar Olwin,5614764,16,Venezuela,Man,1840,Werpers,19,1,15,180,79,True,8,10,1,3,0,3,10,7,7
Kogelslingeren,Goulburn Levi,5467545,20,Australia,Man,3190,Werpers,20,4,16,164,72,True,6,12,2,2,1,3,10,8,7
Onbekend,Holguín Ithaisa,5552067,17,España,Vrouw,4220,Werpers,20,2,13,186,91,True,6,14,3,3,2,1,8,5,8
10 km snelwandelen,Fitz Sören,5478228,21,Deutschland,Man,3780,Snelwandelaars,20,3,17,180,82,True,14,0,13,2,8,3,3,8,6
Onbekend,Preisser Selina,5652132,16,Deutschland,Vrouw,1140,Springers,12,1,15,166,63,True,9,2,2,1,10,6,2,6,8
Discuswerpen,Butina Toma,4946080,37,Hrvatska,Man,9820,Werpers,20,14,16,175,64,True,20,9,0,0,0,0,14,10,7
Onbekend,Liebold Sophie,5652135,14,Deutschland,Vrouw,1080,Werpers,19,1,16,162,57,True,12,10,2,1,3,0,3,7,8
Onbekend,Wolter Helmut,5569334,16,Deutschland,Man,660,Werpers,20,1,15,187,95,True,16,5,3,2,1,3,6,5,8
Tienkamp,Eller Per,5488351,21,Deutschland,Man,1270,Meerkampers,20,4,18,189,91,True,14,8,1,5,4,9,3,8,7
Onbekend,Mönch Carl,5662941,17,Deutschland,Man,1080,Werpers,15,1,16,169,71,True,15,4,3,2,8,4,9,3,7
10.000 meter,Basualdo Camila,5299398,25,Argentina,Vrouw,14990,Langeafstandslopers,20,7,18,175,68,True,17,1,16,4,1,3,2,13,10
Zevenkamp,Neilson Demi,5567749,21,Great Britain,Vrouw,2090,Meerkampers,20,3,19,169,66,True,18,8,2,4,4,2,10,6,7
Onbekend,Barroso Diamantino,5393318,22,Portugal,Man,8790,Langeafstandslopers,19,6,18,177,86,True,17,5,16,4,2,7,2,5,6
Discuswerpen,Conrado Tadeu,5447002,21,Brasil,Man,4490,Werpers,20,4,16,182,85,True,10,11,2,3,2,1,13,6,7
Onbekend,Wolinsky Kosma,5662641,17,Ukrajina,Man,1400,Snelwandelaars,11,1,17,171,74,True,14,3,11,2,7,3,0,6,5
Onbekend,Martínez Margarita,5602757,17,Argentina,Vrouw,1970,Meerkampers,20,1,15,163,64,True,18,10,1,7,1,7,2,5,8
100 meter,Madurga Mateo,5429580,21,España,Man,5520,Sprinters,20,5,14,181,81,True,19,11,2,13,2,1,0,9,9
10 km snelwandelen,Casarsa Alessio,5200009,30,Italia,Man,18690,Snelwandelaars,20,8,18,175,65,True,17,2,15,1,5,1,2,14,14
1.500 meter,Strēlniece Jadviga,5290982,26,Latvija,Vrouw,15650,Middenafstandslopers,20,7,18,170,70,True,17,1,18,8,3,6,3,10,8
Onbekend,Lelong Morgane,5659349,17,France,Vrouw,1230,Zonder specialiteit,12,1,14,156,56,True,14,1,3,3,10,3,8,0,0
200 meter,Plaza Tanausú,5084104,31,España,Man,6200,Sprinters,20,10,11,179,73,True,20,3,0,8,0,1,1,13,10
Onbekend,Ahmad Peter,5542432,17,Danmark,Man,2760,Meerkampers,20,2,18,177,94,True,15,3,1,1,2,10,12,6,7
Onbekend,Horta Hilário,5587433,18,Portugal,Man,610,Werpers,17,1,15,182,86,True,10,6,1,2,1,3,8,7,7
Onbekend,Guterres Teodósio,5590119,19,Portugal,Man,910,Werpers,17,2,15,179,85,True,9,7,3,3,2,2,5,7,9
Onbekend,Dudás Töhötöm,5551691,17,Magyarország,Man,2800,Middenafstandslopers,20,3,19,190,99,True,16,3,12,7,2,1,1,7,6
50 km snelwandelen,Bottiglieri Giovanna,5257558,26,Italia,Vrouw,31530,Snelwandelaars,20,7,19,173,74,True,16,2,20,2,7,0,2,7,10
50 km snelwandelen,Maes Sofie,5244613,26,België,Vrouw,23350,Snelwandelaars,20,7,16,162,62,True,18,3,19,2,2,3,3,10,13
Tienkamp,Spanò Leopoldo,5186265,28,Italia,Man,17520,Meerkampers,20,8,18,182,80,True,20,10,1,18,5,4,1,9,8
Vijfkamp Mannen,Kaliotis Arximidis,5205462,28,Hellas,Man,8720,Meerkampers,19,7,20,170,75,True,18,7,8,15,3,7,0,9,10
Onbekend,Michel Rolf Jürgen,5575922,17,Deutschland,Man,2080,Langeafstandslopers,20,2,17,187,81,True,16,2,10,8,3,1,4,8,9
Onbekend,Schiebler Lars,5565959,17,Deutschland,Man,2910,Sprinters,20,2,18,190,102,True,16,4,5,11,3,3,3,9,9
Onbekend,Koenig Alena,5535988,17,Deutschland,Vrouw,2200,Sprinters,20,2,17,170,79,True,14,6,1,10,3,1,3,9,9
Onbekend,Herrlich Peer,5597792,17,Deutschland,Man,1700,Middenafstandslopers,17,2,18,165,73,True,7,1,11,8,0,3,2,7,5
Onbekend,Korzeniowski Władysław,5559590,17,Polska,Man,1930,Middenafstandslopers,20,2,17,177,83,True,7,1,9,10,2,1,1,5,9
Onbekend,Marquardt Heinrich,5579254,17,Deutschland,Man,2210,Middenafstandslopers,20,2,16,188,98,True,15,4,9,10,1,7,1,9,8
Onbekend,Padovani Brigitta,5566658,17,Italia,Vrouw,1780,Middenafstandslopers,20,2,17,185,87,True,18,3,8,7,6,2,3,9,8
Onbekend,Fernandes Jaron,5593652,17,Deutschland,Man,1740,Langeafstandslopers,16,2,15,179,83,True,6,2,11,8,3,1,1,9,5
Onbekend,Biedebach Bettina,5546976,17,Deutschland,Vrouw,3760,Langeafstandslopers,20,2,15,175,64,True,7,1,12,9,4,2,3,10,8
Onbekend,Lennon Riley,5568205,17,Great Britain,Man,2860,Snelwandelaars,20,2,19,189,78,True,17,1,11,3,3,0,1,9,9
Onbekend,Wengler Tim,5614098,17,Deutschland,Man,1620,Snelwandelaars,16,1,16,176,82,True,10,1,11,2,2,0,1,7,7
Onbekend,Glötter Marlies,5554307,17,Deutschland,Vrouw,1940,Springers,20,3,16,175,80,True,12,0,1,3,10,10,1,7,7
Onbekend,Spitzauer Lana,5535987,17,Deutschland,Vrouw,2510,Springers,20,2,15,184,88,True,15,3,3,2,5,12,2,8,8
Onbekend,Zhukov Stepan,5608165,18,Belarus,Man,1990,Springers,19,2,18,178,80,True,6,0,2,2,11,10,2,5,8
Onbekend,Kloppa Yves,5603009,17,Deutschland,Man,2420,Werpers,19,1,15,193,98,True,11,12,2,3,2,2,10,6,4
Onbekend,Weiser Anja,5607932,17,Deutschland,Vrouw,1930,Werpers,20,1,15,178,83,True,10,12,3,3,1,1,8,6,5
Onbekend,Mitscherlich Dominic,5549491,17,Deutschland,Man,1130,Meerkampers,20,2,18,186,96,True,8,9,3,4,3,7,3,7,8
Zevenkamp,Esters Selina,5526944,18,Deutschland,Vrouw,1750,Meerkampers,20,3,17,186,87,True,6,11,3,7,3,2,3,8,7
Onbekend,Rudi Elif,5508225,18,Deutschland,Vrouw,1840,Meerkampers,20,3,18,183,88,True,16,7,8,8,4,6,3,9,7
Onbekend,Schweitzer Ilana,5588504,17,Yisra'el,Vrouw,2230,Meerkampers,20,2,18,173,71,True,20,5,1,8,3,9,8,7,8
Onbekend,Cicchi Giovanna,5607647,18,Italia,Vrouw,1730,Springers,20,2,20,179,74,True,11,3,1,5,7,10,2,9,8
Vijfkamp Mannen,McGowan Tristan,4894842,37,United States,Man,6820,Meerkampers,20,13,16,183,74,True,19,0,0,7,0,3,8,11,12
50 km snelwandelen,Guillaume Nadia,4783082,39,France,Vrouw,7290,Snelwandelaars,18,14,19,173,74,True,18,0,10,0,3,0,0,11,10
5.000 meter,Murano Erika,5411726,23,Italia,Vrouw,9200,Langeafstandslopers,20,5,18,177,71,True,19,3,15,9,0,3,2,11,10
200 meter,Suska Eliza,4888727,35,Polska,Vrouw,9780,Sprinters,20,13,17,172,72,True,20,7,0,12,0,0,0,13,11
100 meter horden,Papaeti Loukia,5128172,30,Cyprus,Vrouw,19070,Sprinters,20,11,19,175,63,True,20,15,2,16,5,1,1,11,10
400 meter,Pangu Yuqi,5020128,32,China,Vrouw,8390,Sprinters,16,10,17,177,64,True,19,12,0,14,1,0,0,10,8
Onbekend,Iachini Abramo,5656419,16,Italia,Man,690,Sprinters,15,1,15,173,72,True,16,2,2,9,2,2,2,3,3
Onbekend,Proserpio Peter,5650997,14,Italia,Man,400,Sprinters,20,1,13,166,65,True,14,2,2,6,3,2,3,7,6
Onbekend,Tozzi Artemio,5643766,16,Italia,Man,1150,Sprinters,20,1,14,173,81,True,7,8,3,3,9,2,1,7,8
Onbekend,Buticchi Giusi,5648723,14,Italia,Vrouw,860,Sprinters,19,1,13,174,69,True,18,1,1,6,3,1,1,7,7
Onbekend,Dassi Filippo,5637225,14,Italia,Man,450,Middenafstandslopers,20,1,14,172,75,True,9,1,4,4,8,1,1,5,7
Onbekend,Filippuzzi Mabel,5627721,15,Italia,Vrouw,640,Middenafstandslopers,17,1,15,172,65,True,11,6,7,1,2,2,2,8,7
Onbekend,Zupin Diletta,5640716,16,Italia,Vrouw,1290,Middenafstandslopers,15,2,14,159,63,True,19,2,3,3,1,7,4,6,8
Onbekend,Di Maio Fernando,5662182,14,Italia,Man,850,Langeafstandslopers,19,1,13,167,68,True,19,1,6,3,3,1,1,6,6
Onbekend,Lombardo Giandomenico,5592646,16,Italia,Man,290,Langeafstandslopers,20,2,15,165,72,True,14,2,6,4,3,1,1,6,4
Onbekend,Amistadi Ursula,5640715,15,Italia,Vrouw,880,Langeafstandslopers,14,2,13,164,61,True,19,1,6,4,1,3,2,3,7
Onbekend,Boccoli Francis,5612652,16,Brasil,Man,800,Snelwandelaars,14,2,14,182,91,True,10,2,10,2,3,1,2,5,5
Onbekend,Adorni Michelle,5622581,16,Italia,Vrouw,1130,Springers,17,1,15,170,69,True,16,9,3,1,6,5,2,7,8
Onbekend,Di Felice Alberto,5640717,15,Italia,Man,450,Werpers,19,1,15,170,71,True,12,7,3,2,3,1,3,5,8
Onbekend,Papini Giulia,5653555,16,Italia,Vrouw,330,Werpers,11,1,14,184,77,True,14,1,1,5,1,5,6,6,6
Onbekend,Malverdi Rebecca,5617443,16,Italia,Vrouw,780,Meerkampers,19,2,14,183,84,True,14,2,3,9,8,1,1,6,5
Kogelstoten,Pudzianowski Patryk,5194266,27,Polska,Man,33820,Werpers,20,7,18,188,104,True,18,20,2,3,2,3,10,11,10
10.000 meter,Dillard Diego,5161371,28,United States,Man,44550,Langeafstandslopers,20,11,15,178,48,True,19,2,20,11,1,2,1,16,12
1.500 meter,Potts Vincent,5175208,28,United States,Man,33550,Middenafstandslopers,18,10,17,168,56,True,20,1,19,17,1,1,3,11,9
200 meter,Abrahams Patrice,5115009,30,Jamaica,Vrouw,17540,Sprinters,18,14,15,180,76,True,12,10,2,17,2,2,1,11,10
1.500 meter,Martin Petrona,5115018,33,Jamaica,Vrouw,22550,Middenafstandslopers,20,13,17,159,42,True,18,0,18,13,0,0,0,8,11
5.000 meter,Abrahams Michael,5115020,31,Jamaica,Man,18270,Langeafstandslopers,20,14,17,172,69,True,14,0,17,6,2,0,0,12,8
100 meter,Ainsley Stephen,5115004,30,Jamaica,Man,11840,Sprinters,20,12,17,169,84,True,13,4,1,16,2,1,1,9,11
Kogelslingeren,Lowe Jo-Hannah,5115054,31,Jamaica,Vrouw,19730,Werpers,20,14,16,178,63,True,17,14,0,1,1,0,17,10,10
50 km snelwandelen,Gray Trudy,5395881,25,Jamaica,Vrouw,20690,Snelwandelaars,20,6,17,161,58,True,20,1,19,1,2,3,1,11,9
Onbekend,Wan Phillip,5576294,19,Jamaica,Man,3750,Snelwandelaars,20,2,19,170,69,True,12,9,13,3,1,0,2,8,8
Hoogspringen,William Tovah,5411714,21,Jamaica,Vrouw,7320,Springers,20,5,20,187,88,True,10,2,1,2,3,15,3,8,7
Onbekend,Mpelthikiotis Dimosthenis,5537067,17,Hellas,Man,11400,Snelwandelaars,20,2,15,188,80,True,17,2,17,1,2,3,1,8,7
Onbekend,Forte Onandi,5593449,17,Jamaica,Man,1930,Springers,18,1,16,169,78,True,12,10,4,0,0,10,5,4,9
Onbekend,Markopoulos Gennadios,5607551,17,Hellas,Man,5290,Springers,20,1,15,174,80,True,18,0,3,6,3,14,5,7,4
200 meter,Lue Roy,5118247,31,Jamaica,Man,10070,Sprinters,20,12,18,180,65,True,14,4,2,16,1,1,0,8,8
Onbekend,Karapatis Damianos,5556486,17,Hellas,Man,12800,Werpers,20,2,15,187,93,True,18,17,1,1,3,3,3,8,6
Onbekend,Fouskarini Frideriki,5614595,17,Hellas,Vrouw,3390,Sprinters,20,1,15,181,79,True,20,7,1,12,2,1,0,8,8
Onbekend,Ran Yishan,5629431,16,China,Man,840,Meerkampers,19,1,16,181,79,True,14,3,1,9,3,3,1,5,8
Onbekend,Mpisa Zampia,5548344,17,Hellas,Vrouw,2710,Langeafstandslopers,20,2,16,180,83,True,15,2,12,5,1,3,9,8,4
Onbekend,Bartczak Jarosław,5590634,21,Polska,Man,1700,Langeafstandslopers,20,2,15,167,71,True,12,2,10,4,2,1,2,9,7
Onbekend,Rangel Adelaide,5618703,16,Portugal,Vrouw,940,Middenafstandslopers,20,1,16,178,79,True,6,1,9,8,2,6,3,6,7
Onbekend,Halperin Yisrael,5614780,16,Yisra'el,Man,860,Middenafstandslopers,20,2,16,180,81,True,11,3,9,7,3,3,1,7,7
Onbekend,Yunus Yonas,5557900,19,Indonesia,Man,2720,Springers,20,2,16,168,73,True,16,3,1,7,4,12,3,9,7
110 meter horden,Loy Joel,5401955,23,Singapore,Man,3570,Sprinters,20,5,17,187,84,True,19,9,3,10,2,3,3,10,8
400 meter horden,Kee Olivia,5489203,21,Singapore,Vrouw,5080,Sprinters,20,4,15,163,61,True,20,3,1,12,6,1,3,10,10
Onbekend,Rumahorbo Vashni,5576133,18,Indonesia,Vrouw,3140,Meerkampers,16,2,18,167,68,True,17,2,4,9,3,12,1,5,6
Tienkamp,Cojuangco Marlon,5452004,21,Pilipinas,Man,2760,Meerkampers,20,5,14,171,66,True,20,10,2,4,6,8,2,8,9
Onbekend,Cox Fasha,5607041,18,Malaysia,Vrouw,1700,Meerkampers,17,1,16,180,77,True,20,1,3,4,8,6,2,7,8
Verspringen,Harmon Marcus,5594176,18,United States,Man,1780,Springers,20,2,20,171,77,True,13,2,1,7,6,11,2,8,6
Onbekend,Fregonese Melania,5539389,17,Italia,Vrouw,12110,Langeafstandslopers,20,2,14,175,69,True,20,5,16,12,2,2,2,6,6
Onbekend,Dimovska Metodija,5580279,17,FYR Makedonija,Vrouw,5790,Sprinters,20,2,16,173,76,True,20,10,2,14,4,3,0,6,8
Onbekend,Qiguan Shuqing,5550144,17,China,Man,3830,Middenafstandslopers,20,2,17,189,70,True,17,5,13,6,2,0,3,8,8
Onbekend,Eskelinen Päivä,5556335,17,Suomi,Vrouw,3950,Middenafstandslopers,20,2,18,168,69,True,18,1,13,6,2,8,1,7,7
Onbekend,Troppina Margherita,5562299,17,Italia,Vrouw,7570,Middenafstandslopers,20,2,17,179,70,True,18,3,15,8,1,3,2,7,7
Onbekend,Choi Alyssa,5592409,17,Singapore,Vrouw,3090,Springers,20,2,19,175,70,True,17,1,1,2,9,12,2,7,5
Onbekend,Rudnitsky Mefodii,5569370,17,Ukrajina,Man,8980,Werpers,20,2,17,193,101,True,19,16,1,2,1,2,8,9,6
Onbekend,Lambertini Thomas,5536657,17,Italia,Man,2510,Meerkampers,20,2,16,181,94,True,17,8,3,7,6,7,9,9,9
Onbekend,Seow Daniel,5588910,17,Singapore,Man,2370,Meerkampers,20,2,16,185,94,True,19,6,1,10,3,5,9,7,5
Onbekend,Soejandri Kabul,5594239,17,Indonesia,Man,1610,Meerkampers,20,1,17,191,99,True,19,8,3,2,8,6,8,6,7
Onbekend,Alberini Vittoria,5536655,17,Italia,Vrouw,1460,Meerkampers,20,2,15,183,81,True,15,9,2,8,3,7,3,4,8
5.000 meter,Monica Yuri,5379385,22,Italia,Man,2520,Langeafstandslopers,20,5,18,173,85,True,12,2,10,11,1,3,2,9,8
Onbekend,Schiava Ubaldo,5592076,16,Italia,Man,2790,Sprinters,20,1,15,172,83,True,17,6,3,12,2,1,2,8,9
Onbekend,Attal Wilfried,5640905,17,France,Man,3850,Sprinters,19,1,14,185,78,True,18,3,3,12,10,1,2,8,8
Onbekend,Ochoa Maritza,5608682,17,Ecuador,Vrouw,3030,Sprinters,20,2,16,180,77,True,20,3,0,11,10,0,2,6,8
Onbekend,Teichman Andreas,5610081,17,Deutschland,Man,2800,Werpers,20,1,14,173,83,True,20,11,3,4,3,7,8,8,8
Speerwerpen,Torres Emmanuel,5396574,22,France,Man,5840,Werpers,20,7,17,185,82,True,20,11,4,7,2,1,13,7,8
Verspringen,Cartie Valérie,5408429,22,France,Vrouw,7070,Springers,20,7,17,166,69,True,17,2,3,3,12,14,3,10,9
Vijfkamp Vrouwen,Wagenaar Nanne,5479389,19,Nederland,Vrouw,3250,Meerkampers,19,5,15,192,92,True,20,12,2,8,4,2,5,5,9
Onbekend,Macrì Anna,5537690,17,Italia,Vrouw,4270,Sprinters,20,1,13,185,90,True,15,0,2,13,10,1,3,6,8
Onbekend,Evangelista Dionísio,5563543,17,Portugal,Man,1270,Meerkampers,20,2,16,174,81,True,12,8,8,6,2,2,4,8,8
Onbekend,Bremner Isla,5568208,17,Great Britain,Vrouw,4110,Langeafstandslopers,20,1,14,163,71,True,20,2,13,3,3,0,1,7,8
Kogelslingeren,McCathie Mitchell,5352057,24,Great Britain,Man,7220,Werpers,20,5,18,194,99,True,10,14,2,1,3,3,11,10,9
Onbekend,Minardi Marco,5603471,17,Italia,Man,7270,Snelwandelaars,20,1,15,177,83,True,19,2,15,1,1,0,9,7,8
110 meter horden,Oldani Fernando,5491168,19,Italia,Man,3100,Sprinters,20,3,18,174,89,True,17,2,1,12,9,3,3,7,8
Onbekend,Capuana Fiorenza,5553667,18,Italia,Vrouw,3150,Springers,20,2,19,182,80,True,7,3,4,0,11,11,3,8,8
Onbekend,La Roberto,5485159,19,Italia,Man,4010,Werpers,20,3,19,178,84,True,12,12,3,2,2,2,11,5,7
Speerwerpen,Carinato Wilma,5351587,23,Italia,Vrouw,7500,Werpers,20,5,19,164,67,True,16,13,2,3,3,3,12,11,9
Onbekend,Catenaro Simona,5514811,18,Italia,Vrouw,3500,Werpers,20,2,18,167,76,True,14,11,2,3,2,1,11,7,8
Onbekend,Giani Tullia,5564002,17,Italia,Vrouw,5420,Snelwandelaars,20,2,15,175,82,True,12,3,14,2,7,1,1,5,7
Onbekend,Baccarani Mimmo,5542933,17,Italia,Man,2220,Middenafstandslopers,20,1,15,176,91,True,17,2,9,9,10,2,2,8,7
Onbekend,Raggetti Vito,5572075,17,Italia,Man,1540,Meerkampers,20,2,15,182,89,True,14,5,2,10,5,2,9,7,6
Onbekend,Heumacher Lene,5565444,17,Deutschland,Vrouw,8350,Sprinters,20,1,14,167,77,True,18,3,1,16,2,3,3,7,7
Onbekend,Schlaak Andy,5607925,17,Deutschland,Man,3910,Snelwandelaars,19,1,14,175,85,True,16,3,13,2,0,5,2,9,5
Onbekend,Haeckel Anke,5575511,17,Deutschland,Vrouw,2540,Werpers,16,1,14,168,74,True,11,12,3,2,6,2,7,5,4
